step,total_steps,loss,reward_avg,tokens_per_sec,avg_response_len,adv_avg,adv_std,entropy_avg,eval_acc
1,300,0.000000,0.000000,19.276589,6.375000,0.000000,0.000000,1.329654,15.6
2,300,-0.321540,0.125000,27.272381,6.625000,0.000000,0.999717,1.235328,
3,300,7.695891,0.250000,41.616527,25.625000,0.000000,0.999784,1.200351,
4,300,4.107822,0.375000,46.952548,82.250000,0.000000,0.999807,0.317999,
5,300,-4.653844,0.250000,47.340350,357.625000,0.000000,0.999784,0.372649,
1,500,0.000000,0.000000,19.205315,6.375000,0.000000,0.000000,1.329654,
2,500,-0.321540,0.125000,27.736751,6.625000,0.000000,0.999717,1.235328,
3,500,7.695891,0.250000,42.062978,25.625000,0.000000,0.999784,1.200351,
4,500,4.107822,0.375000,47.352097,82.250000,0.000000,0.999807,0.317999,
5,500,-4.653844,0.250000,47.596095,357.625000,0.000000,0.999784,0.372649,
6,500,3.047596,0.750000,48.529096,543.875000,0.000000,0.999784,0.083873,
7,500,0.000000,0.000000,46.567235,999.250000,0.000000,0.000000,0.185976,
8,500,0.379565,0.875000,48.537046,235.625000,0.000000,0.999717,0.193644,
9,500,0.000000,0.000000,45.118632,636.000000,0.000000,0.000000,0.323794,
10,500,0.000000,0.000000,47.810395,569.625000,0.000000,0.000000,0.126266,
11,500,0.000000,1.000000,48.815130,301.500000,0.000000,0.000000,0.168907,
12,500,0.000000,0.000000,48.357429,342.000000,0.000000,0.000000,0.054698,
13,500,0.000000,0.000000,48.368306,213.125000,0.000000,0.000000,0.375880,
14,500,0.000000,1.000000,48.682336,295.625000,0.000000,0.000000,0.119984,
15,500,0.000000,1.000000,48.418869,185.625000,0.000000,0.000000,0.049355,
16,500,-4.757643,0.875000,48.295130,321.750000,0.000000,0.999717,0.128552,
17,500,0.000000,0.000000,46.726395,826.750000,0.000000,0.000000,0.176841,
18,500,-25.911289,0.625000,47.942014,463.125000,0.000000,0.999807,0.134806,
19,500,-15.294436,0.875000,47.153686,579.750000,0.000000,0.999717,0.116144,
20,500,5.469687,0.125000,47.864205,550.875000,0.000000,0.999717,0.187710,
21,500,0.000000,1.000000,48.517652,385.500000,0.000000,0.000000,0.069628,
22,500,-5.849160,0.625000,47.968456,499.625000,0.000000,0.999807,0.142058,
23,500,-7.383111,0.750000,47.508806,678.375000,0.000000,0.999784,0.114657,
24,500,-22.616667,0.250000,47.070403,762.250000,0.000000,0.999784,0.186815,
25,500,-24.722725,0.875000,47.890604,436.875000,0.000000,0.999717,0.079230,
26,500,0.000000,1.000000,48.731944,290.750000,0.000000,0.000000,0.191974,
27,500,0.000000,1.000000,48.164164,542.875000,0.000000,0.000000,0.090227,
28,500,0.000000,1.000000,48.633467,274.250000,0.000000,0.000000,0.093903,
29,500,0.000000,0.000000,46.703774,818.750000,0.000000,0.000000,0.280545,
30,500,0.000000,1.000000,48.546600,385.500000,0.000000,0.000000,0.061157,
31,500,0.000000,1.000000,48.853076,275.000000,0.000000,0.000000,0.077461,
32,500,-3.392301,0.875000,48.760460,386.125000,0.000000,0.999717,0.079396,
33,500,0.000000,1.000000,48.575929,455.250000,0.000000,0.000000,0.048787,
34,500,0.000000,1.000000,48.880287,298.500000,0.000000,0.000000,0.088239,
35,500,0.000000,1.000000,48.653210,308.875000,0.000000,0.000000,0.126208,
36,500,-7.198586,0.125000,46.677294,954.500000,0.000000,0.999717,0.184325,
37,500,0.000000,1.000000,48.531753,371.000000,0.000000,0.000000,0.058739,
38,500,0.000000,1.000000,48.559790,154.000000,0.000000,0.000000,0.052203,
39,500,0.000000,0.000000,48.338161,406.000000,0.000000,0.000000,0.147554,
40,500,0.000000,1.000000,48.155514,581.500000,0.000000,0.000000,0.092829,
41,500,-0.418653,0.875000,48.289041,219.375000,0.000000,0.999717,0.222857,
42,500,-4.420483,0.375000,48.569001,290.250000,0.000000,0.999807,0.272545,
43,500,0.423309,0.875000,48.078336,496.250000,0.000000,0.999717,0.197771,
44,500,0.000000,1.000000,48.201464,588.500000,0.000000,0.000000,0.043790,
45,500,0.000000,1.000000,48.653521,262.625000,0.000000,0.000000,0.104881,
46,500,0.000000,1.000000,48.795023,283.500000,0.000000,0.000000,0.126298,
47,500,-37.679409,0.750000,47.238785,645.125000,0.000000,0.999784,0.129062,
48,500,0.000000,1.000000,48.304160,393.375000,0.000000,0.000000,0.063575,
49,500,-19.658546,0.625000,47.358757,751.375000,0.000000,0.999807,0.130595,
50,500,0.000000,1.000000,48.905055,337.125000,0.000000,0.000000,0.201961,46.2
51,500,0.000000,1.000000,48.951535,283.000000,0.000000,0.000000,0.104399,
52,500,-14.596311,0.250000,44.593652,636.500000,0.000000,0.999784,0.226876,
53,500,0.000000,1.000000,48.815093,258.000000,0.000000,0.000000,0.070677,
54,500,0.000000,1.000000,48.866738,375.000000,0.000000,0.000000,0.034971,
55,500,-0.872275,0.625000,48.864117,320.500000,0.000000,0.999807,0.111045,
56,500,0.000000,0.000000,48.688938,183.500000,0.000000,0.000000,0.151677,
57,500,-8.643011,0.750000,48.667326,267.125000,0.000000,0.999784,0.210322,
58,500,0.000000,1.000000,47.856381,555.125000,0.000000,0.000000,0.155020,
59,500,0.000000,1.000000,48.717491,445.500000,0.000000,0.000000,0.122077,
60,500,-15.830809,0.375000,46.756174,820.125000,0.000000,0.999807,0.150692,
61,500,0.000000,0.000000,47.672873,648.375000,0.000000,0.000000,0.183030,
62,500,-22.218563,0.750000,47.844801,591.375000,0.000000,0.999784,0.133861,
63,500,0.000000,1.000000,45.755987,461.625000,0.000000,0.000000,0.092636,
64,500,0.000000,1.000000,48.837620,283.500000,0.000000,0.000000,0.080030,
65,500,0.000000,1.000000,48.524719,284.000000,0.000000,0.000000,0.156239,
66,500,-11.202222,0.250000,47.741822,584.750000,0.000000,0.999784,0.238103,
67,500,0.000000,0.000000,47.313402,620.500000,0.000000,0.000000,0.314334,
68,500,-14.098005,0.875000,47.806254,659.250000,0.000000,0.999717,0.108394,
69,500,0.000000,1.000000,48.479375,482.875000,0.000000,0.000000,0.103206,
70,500,0.000000,1.000000,48.743491,177.000000,0.000000,0.000000,0.063107,
71,500,0.000000,1.000000,48.814458,363.125000,0.000000,0.000000,0.090215,
72,500,0.000000,1.000000,48.184744,576.000000,0.000000,0.000000,0.086655,
73,500,0.000000,1.000000,48.542776,465.250000,0.000000,0.000000,0.074465,
74,500,0.000000,1.000000,48.808611,271.625000,0.000000,0.000000,0.082416,
75,500,-23.679344,0.500000,42.203488,604.000000,0.000000,0.999813,0.261427,
76,500,0.000000,1.000000,48.770245,278.875000,0.000000,0.000000,0.085258,
77,500,-2.616224,0.125000,48.252683,546.250000,0.000000,0.999717,0.121585,
78,500,0.000000,1.000000,48.769041,281.125000,0.000000,0.000000,0.086209,
79,500,2.155854,0.750000,48.315703,538.625000,0.000000,0.999784,0.128142,
80,500,6.150661,0.625000,47.275977,370.375000,0.000000,0.999807,0.262989,
81,500,0.520635,0.750000,48.609983,409.875000,0.000000,0.999784,0.155551,
82,500,-2.978024,0.875000,48.685843,403.875000,0.000000,0.999717,0.152825,
83,500,0.000000,1.000000,48.912167,273.000000,0.000000,0.000000,0.105139,
84,500,0.000000,1.000000,48.237155,588.250000,0.000000,0.000000,0.088975,
85,500,0.000000,1.000000,48.890950,314.500000,0.000000,0.000000,0.074942,
86,500,0.000000,1.000000,48.335355,139.750000,0.000000,0.000000,0.142197,
87,500,0.000000,1.000000,48.568936,416.375000,0.000000,0.000000,0.114933,
88,500,0.000000,1.000000,48.001193,577.625000,0.000000,0.000000,0.131324,
89,500,-3.591008,0.125000,46.479960,729.125000,0.000000,0.999717,0.269269,
90,500,-21.956341,0.375000,46.641539,859.125000,0.000000,0.999807,0.304212,
91,500,8.166066,0.375000,47.579911,459.750000,0.000000,0.999807,0.202739,
92,500,0.000000,1.000000,48.842945,232.625000,0.000000,0.000000,0.093230,
93,500,3.828480,0.750000,48.134049,687.750000,0.000000,0.999784,0.138467,
94,500,5.871224,0.250000,48.028431,497.250000,0.000000,0.999784,0.168681,
95,500,0.000000,0.000000,48.925086,243.500000,0.000000,0.000000,0.127328,
96,500,0.000000,1.000000,48.572169,227.500000,0.000000,0.000000,0.095149,
97,500,0.000000,1.000000,48.414489,473.500000,0.000000,0.000000,0.241448,
98,500,0.000000,1.000000,48.312991,512.250000,0.000000,0.000000,0.102565,
99,500,0.000000,1.000000,48.478667,236.250000,0.000000,0.000000,0.098055,
100,500,-3.162504,0.625000,47.828695,498.000000,0.000000,0.999807,0.110450,43.4
101,500,0.000000,0.000000,46.719697,864.125000,0.000000,0.000000,0.151577,
102,500,0.000000,1.000000,48.407244,565.750000,0.000000,0.000000,0.096099,
103,500,-22.830782,0.625000,47.134737,783.000000,0.000000,0.999807,0.209562,
104,500,0.000000,1.000000,48.746917,207.250000,0.000000,0.000000,0.127212,
105,500,-12.417528,0.875000,48.684851,342.625000,0.000000,0.999717,0.160822,
106,500,0.000000,1.000000,48.646933,239.000000,0.000000,0.000000,0.110862,
107,500,0.000000,1.000000,48.914908,205.625000,0.000000,0.000000,0.084597,
108,500,0.000000,0.000000,48.344943,204.125000,0.000000,0.000000,0.209906,
109,500,-13.521501,0.875000,48.450818,466.000000,0.000000,0.999717,0.133624,
110,500,0.000000,0.000000,47.061599,764.875000,0.000000,0.000000,0.310206,
111,500,0.000000,1.000000,48.917646,299.500000,0.000000,0.000000,0.128994,
112,500,-7.051996,0.125000,46.425058,960.500000,0.000000,0.999717,0.169578,
113,500,0.000000,1.000000,48.449369,232.250000,0.000000,0.000000,0.131872,
114,500,0.000000,1.000000,48.663005,221.000000,0.000000,0.000000,0.050592,
115,500,0.000000,1.000000,48.945848,230.000000,0.000000,0.000000,0.097213,
116,500,5.191031,0.875000,47.934573,464.750000,0.000000,0.999717,0.134662,
117,500,4.968844,0.250000,48.129563,463.000000,0.000000,0.999784,0.141459,
118,500,-1.729532,0.750000,48.828829,297.000000,0.000000,0.999784,0.116993,
119,500,0.000000,0.000000,44.086273,725.125000,0.000000,0.000000,0.450825,
120,500,0.000000,1.000000,48.429124,379.500000,0.000000,0.000000,0.164092,
121,500,0.000000,0.000000,46.801236,825.500000,0.000000,0.000000,0.260511,
122,500,0.000000,0.000000,47.385253,701.500000,0.000000,0.000000,0.260365,
123,500,0.000000,0.000000,46.072132,1024.000000,0.000000,0.000000,0.229499,
124,500,5.520458,0.875000,48.032686,395.750000,0.000000,0.999717,0.220701,
125,500,0.000000,0.000000,46.612425,874.250000,0.000000,0.000000,0.335591,
126,500,0.938549,0.750000,48.099599,555.250000,0.000000,0.999784,0.186787,
127,500,2.497493,0.250000,46.835068,850.625000,0.000000,0.999784,0.242730,
128,500,3.413336,0.250000,48.177264,507.750000,0.000000,0.999784,0.275748,
129,500,-3.629363,0.875000,47.555509,701.500000,0.000000,0.999717,0.205010,
130,500,0.000000,1.000000,48.421128,344.250000,0.000000,0.000000,0.276614,
131,500,0.000000,1.000000,48.223578,508.125000,0.000000,0.000000,0.177570,
132,500,-2.312351,0.875000,48.456126,319.625000,0.000000,0.999717,0.292789,
133,500,-7.015238,0.875000,47.854785,660.625000,0.000000,0.999717,0.175163,
134,500,-14.960026,0.250000,47.843785,609.375000,0.000000,0.999784,0.265860,
135,500,0.000000,1.000000,48.095392,458.125000,0.000000,0.000000,0.288597,
136,500,0.000000,1.000000,48.891859,246.000000,0.000000,0.000000,0.273655,
137,500,0.000000,1.000000,47.870735,599.375000,0.000000,0.000000,0.156074,
138,500,-31.779480,0.625000,47.509905,707.500000,0.000000,0.999807,0.280217,
139,500,-20.100803,0.375000,48.383486,502.000000,0.000000,0.999807,0.350724,
140,500,-18.869284,0.375000,47.121847,778.125000,0.000000,0.999807,0.242558,
141,500,0.000000,1.000000,48.940552,185.000000,0.000000,0.000000,0.142823,
142,500,-16.081280,0.125000,46.622147,1021.250000,0.000000,0.999717,0.264113,
143,500,12.476204,0.750000,48.344507,436.125000,0.000000,0.999784,0.398864,
144,500,0.000000,1.000000,48.016455,603.750000,0.000000,0.000000,0.272959,
145,500,0.000000,1.000000,48.875157,295.250000,0.000000,0.000000,0.102477,
146,500,0.000000,1.000000,48.894814,281.875000,0.000000,0.000000,0.126512,
147,500,0.000000,1.000000,48.471362,375.500000,0.000000,0.000000,0.138709,
148,500,-14.549484,0.875000,48.342951,415.125000,0.000000,0.999717,0.468785,
149,500,0.000000,1.000000,48.503365,471.125000,0.000000,0.000000,0.264532,
150,500,0.000000,1.000000,47.365226,723.625000,0.000000,0.000000,0.152407,42.8
151,500,-136.380325,0.875000,48.373765,383.625000,0.000000,0.999717,0.403278,
152,500,0.000000,1.000000,48.592397,481.500000,0.000000,0.000000,0.114832,
153,500,0.000000,1.000000,49.133647,273.125000,0.000000,0.000000,0.137958,
154,500,9.434572,0.625000,48.442196,354.250000,0.000000,0.999807,0.335438,
155,500,-2.047865,0.375000,47.867658,510.375000,0.000000,0.999807,0.187757,
156,500,-19.792988,0.500000,46.974450,884.375000,0.000000,0.999813,0.242763,
157,500,-1.781788,0.625000,48.585091,359.875000,0.000000,0.999807,0.280330,
158,500,-2.060428,0.875000,48.160110,477.250000,0.000000,0.999717,0.223791,
159,500,-20.854290,0.375000,47.268349,685.375000,0.000000,0.999807,0.415476,
160,500,0.000000,1.000000,48.407579,504.625000,0.000000,0.000000,0.359700,
161,500,-65.569656,0.625000,46.952087,911.750000,0.000000,0.999807,0.311352,
162,500,6.600415,0.875000,47.879301,646.625000,0.000000,0.999717,0.185412,
163,500,3.753006,0.125000,48.746362,264.750000,0.000000,0.999717,0.252808,
164,500,4.208008,0.750000,48.156309,566.250000,0.000000,0.999784,0.554013,
165,500,-1.236557,0.750000,48.159588,538.000000,0.000000,0.999784,0.276797,
166,500,-13.215969,0.875000,48.596728,455.500000,0.000000,0.999717,0.409139,
167,500,20.636658,0.500000,48.351990,408.625000,0.000000,0.999813,0.354143,
168,500,-30.711758,0.375000,48.006980,498.250000,0.000000,0.999807,0.480925,
169,500,0.000000,1.000000,47.855437,665.500000,0.000000,0.000000,0.154774,
170,500,-16.640009,0.750000,48.689442,423.125000,0.000000,0.999784,0.190904,
171,500,0.000000,0.000000,48.545421,408.000000,0.000000,0.000000,0.094741,
172,500,-38.360970,0.375000,47.338213,800.500000,0.000000,0.999807,0.378767,
173,500,2.027710,0.875000,47.862718,586.375000,0.000000,0.999717,0.190483,
174,500,8.807287,0.500000,48.065158,524.500000,0.000000,0.999813,0.411061,
175,500,-37.734604,0.500000,47.222184,774.000000,0.000000,0.999813,0.267292,
176,500,-29.365454,0.750000,47.578656,585.375000,0.000000,0.999784,0.133236,
177,500,0.000000,0.000000,48.441091,360.000000,0.000000,0.000000,0.129344,
178,500,0.000000,1.000000,48.692228,388.375000,0.000000,0.000000,0.171457,
179,500,8.088041,0.750000,48.662349,316.625000,0.000000,0.999784,0.287150,
180,500,2.830496,0.750000,48.397112,497.000000,0.000000,0.999784,0.233512,
181,500,-3.090138,0.875000,48.677243,292.750000,0.000000,0.999717,0.109233,
182,500,0.000000,1.000000,49.103379,211.000000,0.000000,0.000000,0.161273,
183,500,0.000000,1.000000,48.760371,215.500000,0.000000,0.000000,0.134818,
184,500,0.000000,0.000000,46.783271,833.875000,0.000000,0.000000,0.419445,
185,500,-47.564377,0.875000,47.350935,714.250000,0.000000,0.999717,0.227828,
186,500,-6.961527,0.625000,47.871109,605.375000,0.000000,0.999807,0.311260,
187,500,-28.184826,0.250000,47.042353,830.875000,0.000000,0.999784,0.262449,
188,500,0.000000,1.000000,48.382869,407.000000,0.000000,0.000000,0.174267,
189,500,-0.981697,0.875000,48.406578,380.250000,0.000000,0.999717,0.183847,
190,500,6.448790,0.125000,47.830856,534.500000,0.000000,0.999717,0.281932,
191,500,-93.221802,0.750000,46.784518,848.500000,0.000000,0.999784,0.378772,
192,500,0.000000,0.000000,41.370468,874.375000,0.000000,0.000000,0.852736,
193,500,-60.817715,0.875000,47.802256,578.500000,0.000000,0.999717,0.263416,
194,500,-1.989319,0.625000,46.766937,868.500000,0.000000,0.999807,0.211936,
195,500,-7.342346,0.875000,48.874539,348.000000,0.000000,0.999717,0.420637,
196,500,0.000000,1.000000,48.862321,226.625000,0.000000,0.000000,0.167218,
197,500,-67.247429,0.250000,47.286623,716.875000,0.000000,0.999784,0.479330,
198,500,11.521773,0.875000,48.651149,211.250000,0.000000,0.999717,0.519971,
199,500,-48.666267,0.875000,48.457218,394.000000,0.000000,0.999717,0.380127,
200,500,-69.417114,0.375000,46.745116,934.375000,0.000000,0.999807,0.831535,44.2
201,500,0.000000,0.000000,47.209783,910.000000,0.000000,0.000000,0.471134,
202,500,80.590973,0.250000,47.863131,622.625000,0.000000,0.999784,0.488727,
203,500,0.000000,0.000000,48.756774,396.000000,0.000000,0.000000,0.313290,
204,500,7.899269,0.875000,48.672165,425.625000,0.000000,0.999717,0.474491,
205,500,-88.708511,0.750000,48.596874,362.375000,0.000000,0.999784,0.608494,
206,500,-22.747419,0.875000,47.839993,648.500000,0.000000,0.999717,0.359320,
207,500,0.489504,0.875000,48.720242,482.625000,0.000000,0.999717,0.208082,
208,500,0.000000,1.000000,48.529292,286.500000,0.000000,0.000000,0.508063,
209,500,1.785028,0.875000,48.259757,516.000000,0.000000,0.999717,0.561942,
210,500,14.430299,0.875000,48.559636,390.875000,0.000000,0.999717,0.512118,
211,500,0.000000,1.000000,47.866925,647.250000,0.000000,0.000000,0.382274,
212,500,-3.721647,0.875000,48.663063,368.500000,0.000000,0.999717,0.482396,
213,500,-5.673457,0.875000,48.895756,350.500000,0.000000,0.999717,0.374784,
214,500,-14.108122,0.875000,47.529372,798.375000,0.000000,0.999717,0.458709,
215,500,0.000000,1.000000,48.630650,185.625000,0.000000,0.000000,0.457214,
216,500,-1.726240,0.750000,47.970071,603.125000,0.000000,0.999784,0.625326,
217,500,11.112680,0.875000,48.479603,359.750000,0.000000,0.999717,0.455719,
218,500,0.000000,1.000000,48.453702,417.000000,0.000000,0.000000,0.685050,
219,500,-130.484619,0.625000,47.211306,648.625000,0.000000,0.999807,0.791119,
220,500,2.533403,0.750000,48.629914,355.000000,0.000000,0.999784,0.397018,
221,500,-24.171272,0.125000,47.816716,494.625000,0.000000,0.999717,0.898033,
222,500,0.000000,1.000000,48.584195,369.250000,0.000000,0.000000,0.627450,
223,500,-237.480545,0.750000,47.492627,579.875000,0.000000,0.999784,0.564886,
224,500,0.000000,0.000000,47.006313,753.500000,0.000000,0.000000,1.228897,
225,500,-83.642296,0.500000,48.257220,348.625000,0.000000,0.999813,0.792516,
226,500,0.000000,0.000000,47.285209,736.000000,0.000000,0.000000,1.020336,
227,500,-84.070282,0.875000,48.214874,620.250000,0.000000,0.999717,0.574955,
228,500,-21.723904,0.875000,48.593595,344.375000,0.000000,0.999717,0.539083,
229,500,-19.912477,0.375000,48.279721,483.875000,0.000000,0.999807,0.583048,
230,500,0.000000,0.000000,46.823346,844.750000,0.000000,0.000000,1.579768,
231,500,-43.456306,0.500000,47.918062,544.500000,0.000000,0.999813,0.808477,
232,500,0.000000,0.000000,47.315102,658.500000,0.000000,0.000000,2.398978,
233,500,0.000000,1.000000,48.956036,232.250000,0.000000,0.000000,0.574292,
234,500,0.000000,1.000000,48.683390,348.875000,0.000000,0.000000,0.432798,
235,500,0.000000,0.000000,47.351862,659.875000,0.000000,0.000000,1.415254,
236,500,-133.836075,0.875000,48.180530,568.375000,0.000000,0.999717,0.738544,
237,500,291.187927,0.125000,46.846982,806.875000,0.000000,0.999717,2.032312,
238,500,-309.645355,0.750000,48.089243,521.875000,0.000000,0.999784,0.716384,
239,500,-318.541351,0.125000,46.940990,847.500000,0.000000,0.999717,2.088974,
240,500,0.000000,1.000000,48.919176,224.375000,0.000000,0.000000,0.530351,
241,500,-255.877213,0.125000,47.424032,620.750000,0.000000,0.999717,1.917199,
242,500,-382.256897,0.250000,46.940026,832.375000,0.000000,0.999784,2.605104,
243,500,-563.378174,0.625000,47.855042,505.375000,0.000000,0.999807,1.834374,
244,500,0.000000,0.000000,47.371816,599.875000,0.000000,0.000000,2.755189,
245,500,0.000000,1.000000,48.600868,237.875000,0.000000,0.000000,0.797109,
246,500,-500.453400,0.250000,46.605939,947.375000,0.000000,0.999784,3.524506,
247,500,0.000000,0.000000,46.574868,776.500000,0.000000,0.000000,5.006953,
248,500,822.501831,0.125000,47.204184,772.375000,0.000000,0.999717,4.667494,
249,500,-153.791840,0.500000,48.954609,265.750000,0.000000,0.999813,1.363062,
250,500,0.000000,0.000000,47.009615,823.375000,0.000000,0.000000,4.195631,41.2
251,500,-1303.878052,0.250000,47.281355,617.875000,0.000000,0.999784,4.872736,
252,500,0.000000,0.000000,46.995955,684.625000,0.000000,0.000000,5.855456,
253,500,-1741.025757,0.875000,48.251575,440.000000,0.000000,0.999717,1.359546,
254,500,-551.796814,0.125000,47.399546,604.250000,0.000000,0.999717,3.094056,
255,500,-102.233337,0.375000,47.380198,686.250000,0.000000,0.999807,5.130546,
256,500,-770.585144,0.250000,47.022506,823.125000,0.000000,0.999784,4.987559,
257,500,0.000000,0.000000,46.692072,987.500000,0.000000,0.000000,5.972695,
258,500,0.000000,0.000000,46.628559,858.875000,0.000000,0.000000,6.599655,
259,500,0.000000,0.000000,42.890345,927.500000,0.000000,0.000000,7.615319,
260,500,0.000000,0.000000,46.840512,869.250000,0.000000,0.000000,5.980910,
261,500,-1544.612793,0.125000,46.757521,820.250000,0.000000,0.999717,5.721910,
262,500,0.000000,0.000000,46.307734,1021.375000,0.000000,0.000000,7.152274,
263,500,0.000000,0.000000,46.620410,950.125000,0.000000,0.000000,7.944027,
264,500,-1910.180664,0.125000,46.791056,857.375000,0.000000,0.999717,6.882089,
265,500,-2178.392578,0.125000,46.349625,919.000000,0.000000,0.999717,7.219839,
266,500,0.000000,0.000000,46.983881,792.625000,0.000000,0.000000,4.831324,
267,500,-1932.239502,0.125000,46.967046,811.125000,0.000000,0.999717,7.034303,
268,500,0.000000,0.000000,46.761441,1024.000000,0.000000,0.000000,8.716150,
269,500,0.000000,0.000000,46.632299,882.875000,0.000000,0.000000,6.945168,
270,500,0.000000,0.000000,46.724706,938.625000,0.000000,0.000000,8.268015,
271,500,0.000000,0.000000,46.751272,984.250000,0.000000,0.000000,8.722664,
272,500,0.000000,0.000000,46.773523,964.000000,0.000000,0.000000,7.591292,
273,500,0.000000,0.000000,46.986112,902.375000,0.000000,0.000000,8.346034,
274,500,-3348.593750,0.250000,46.674570,828.625000,0.000000,0.999784,7.109352,
275,500,0.000000,0.000000,46.642406,1024.000000,0.000000,0.000000,9.020981,
276,500,0.000000,0.000000,46.664906,849.500000,0.000000,0.000000,6.769895,
277,500,0.000000,0.000000,46.403004,1024.000000,0.000000,0.000000,9.635509,
278,500,0.000000,0.000000,46.731375,1006.250000,0.000000,0.000000,9.054403,
279,500,-2114.035889,0.125000,46.760929,878.250000,0.000000,0.999717,6.996648,
280,500,0.000000,0.000000,46.512099,984.000000,0.000000,0.000000,9.777260,
281,500,0.000000,0.000000,46.778289,1024.000000,0.000000,0.000000,9.400312,
282,500,0.000000,0.000000,47.044902,869.500000,0.000000,0.000000,8.452382,
283,500,-3309.559082,0.500000,47.097824,682.375000,0.000000,0.999813,4.248486,
284,500,0.000000,0.000000,46.593211,919.500000,0.000000,0.000000,9.150099,
285,500,0.000000,0.000000,46.486173,911.000000,0.000000,0.000000,8.639171,
286,500,0.000000,0.000000,46.507180,1020.000000,0.000000,0.000000,9.047976,
287,500,-2162.198730,0.125000,46.869885,845.750000,0.000000,0.999717,7.502738,
288,500,0.000000,0.000000,46.629723,1024.000000,0.000000,0.000000,9.752064,
289,500,0.000000,0.000000,46.419511,1024.000000,0.000000,0.000000,9.821791,
290,500,-3479.394287,0.625000,47.242284,584.625000,0.000000,0.999807,3.513842,
291,500,-4452.933105,0.500000,46.925931,624.000000,0.000000,0.999813,5.314554,
292,500,0.000000,0.000000,46.523967,1024.000000,0.000000,0.000000,9.564905,
293,500,0.000000,0.000000,46.680991,960.125000,0.000000,0.000000,9.442746,
294,500,-2190.369629,0.125000,46.629499,942.875000,0.000000,0.999717,6.856092,
295,500,-2760.923828,0.125000,46.871016,934.000000,0.000000,0.999717,8.504957,
296,500,-3967.268066,0.375000,46.826909,741.375000,0.000000,0.999807,6.048175,
297,500,-3876.644043,0.625000,47.343703,603.000000,0.000000,0.999807,3.589649,
298,500,-3436.073242,0.500000,47.230071,593.875000,0.000000,0.999813,4.459657,
299,500,0.000000,0.000000,46.633021,1024.000000,0.000000,0.000000,10.264841,
300,500,0.000000,0.000000,46.577353,1024.000000,0.000000,0.000000,10.659618,37.0
301,500,0.000000,0.000000,46.754277,1024.000000,0.000000,0.000000,10.175761,
302,500,0.000000,0.000000,46.787346,976.250000,0.000000,0.000000,8.152559,
303,500,-3247.022949,0.375000,46.978172,811.250000,0.000000,0.999807,8.195924,
304,500,-4031.832031,0.250000,46.622611,828.750000,0.000000,0.999784,7.758336,
305,500,-2770.171387,0.125000,46.804153,930.125000,0.000000,0.999717,8.154793,
306,500,-3719.146484,0.250000,46.884840,838.750000,0.000000,0.999784,7.136867,
307,500,-2924.706055,0.125000,46.690377,949.250000,0.000000,0.999717,8.513467,
308,500,-3595.748535,0.250000,46.620713,862.500000,0.000000,0.999784,6.878859,
309,500,0.000000,0.000000,46.568379,1024.000000,0.000000,0.000000,10.396554,
310,500,0.000000,0.000000,46.654498,1024.000000,0.000000,0.000000,7.545902,
311,500,-6.916094,0.875000,49.010051,276.625000,0.000000,0.999717,0.314873,
312,500,-3323.224609,0.750000,47.522674,460.375000,0.000000,0.999784,2.384501,
313,500,0.000000,0.000000,46.461450,1024.000000,0.000000,0.000000,10.527434,
314,500,0.000000,0.000000,46.522510,1024.000000,0.000000,0.000000,9.736883,
315,500,-2814.321045,0.625000,47.287186,444.750000,0.000000,0.999807,2.586956,
316,500,0.000000,0.000000,46.704197,1024.000000,0.000000,0.000000,11.019800,
317,500,-4057.261230,0.250000,46.864219,863.000000,0.000000,0.999784,7.732045,
318,500,-2904.875488,0.375000,46.440334,845.750000,0.000000,0.999807,4.136538,
319,500,0.000000,0.000000,46.643139,1024.000000,0.000000,0.000000,9.259542,
320,500,0.000000,0.000000,46.636990,1024.000000,0.000000,0.000000,9.695025,
321,500,0.000000,0.000000,45.833005,1024.000000,0.000000,0.000000,10.508891,
322,500,-4827.641113,0.375000,46.881462,722.375000,0.000000,0.999807,6.796116,
323,500,0.000000,0.000000,46.232151,1024.000000,0.000000,0.000000,9.456495,
324,500,-4414.235352,0.250000,46.221441,823.625000,0.000000,0.999784,8.297752,
325,500,0.000000,0.000000,46.749976,1024.000000,0.000000,0.000000,11.176929,
326,500,-4211.907715,0.625000,47.115773,595.500000,0.000000,0.999807,3.778893,
327,500,-3326.541016,0.875000,48.072540,415.250000,0.000000,0.999717,1.561645,
328,500,0.000000,0.000000,46.609459,1024.000000,0.000000,0.000000,10.819653,
329,500,0.000000,0.000000,47.137506,815.875000,0.000000,0.000000,4.692392,
330,500,0.000000,0.000000,46.416306,1024.000000,0.000000,0.000000,7.841064,
331,500,0.000000,0.000000,46.606852,1024.000000,0.000000,0.000000,11.133056,
332,500,0.000000,0.000000,46.566697,960.875000,0.000000,0.000000,7.947916,
333,500,-2681.268799,0.875000,47.749835,382.000000,0.000000,0.999717,1.220903,
334,500,-3448.155273,0.875000,48.104256,502.500000,0.000000,0.999717,1.599103,
335,500,0.000000,0.000000,47.288445,734.750000,0.000000,0.000000,2.631392,
336,500,0.000000,0.000000,47.475659,482.125000,0.000000,0.000000,2.686001,
337,500,0.000000,1.000000,49.067456,283.750000,0.000000,0.000000,0.219261,
338,500,0.000000,0.000000,45.970151,1024.000000,0.000000,0.000000,10.100623,
339,500,-4094.138672,0.375000,47.027965,805.125000,0.000000,0.999807,5.795809,
340,500,0.000000,0.000000,46.634270,1024.000000,0.000000,0.000000,10.494513,
341,500,0.000000,1.000000,48.646832,375.750000,0.000000,0.000000,0.220667,
342,500,0.000000,0.000000,46.568134,1024.000000,0.000000,0.000000,10.832651,
343,500,0.000000,1.000000,49.031532,209.000000,0.000000,0.000000,0.200736,
344,500,-3608.491455,0.875000,48.168298,417.875000,0.000000,0.999717,1.655334,
345,500,-2944.918945,0.125000,46.660885,950.250000,0.000000,0.999717,8.369787,
346,500,0.000000,0.000000,46.104378,1024.000000,0.000000,0.000000,10.165323,
347,500,0.000000,1.000000,48.432290,409.875000,0.000000,0.000000,0.191657,
348,500,-3227.948730,0.875000,47.962637,289.375000,0.000000,0.999717,1.593658,
349,500,0.000000,0.000000,46.709126,960.625000,0.000000,0.000000,7.440157,
350,500,0.000000,0.000000,46.520389,1024.000000,0.000000,0.000000,11.179778,38.0
351,500,0.000000,0.000000,46.809953,1024.000000,0.000000,0.000000,11.259712,
352,500,-3427.543945,0.250000,46.926050,782.625000,0.000000,0.999784,6.426057,
353,500,0.000000,0.000000,46.421369,1024.000000,0.000000,0.000000,10.971680,
354,500,-3145.578125,0.125000,46.415125,928.625000,0.000000,0.999717,8.986364,
355,500,0.000000,0.000000,46.888756,697.250000,0.000000,0.000000,5.481461,
356,500,0.000000,0.000000,41.618190,1024.000000,0.000000,0.000000,11.074209,
357,500,0.000000,0.000000,46.287495,1024.000000,0.000000,0.000000,10.942822,
358,500,0.000000,1.000000,49.003377,271.250000,0.000000,0.000000,0.076207,
359,500,-3810.627441,0.750000,47.710492,460.250000,0.000000,0.999784,2.542501,
360,500,0.000000,0.000000,44.026396,942.500000,0.000000,0.000000,9.824114,
361,500,-4504.770020,0.625000,47.359774,564.375000,0.000000,0.999807,3.978969,
362,500,0.000000,1.000000,48.676983,308.000000,0.000000,0.000000,0.201620,
363,500,0.000000,1.000000,48.446235,209.875000,0.000000,0.000000,0.113686,
364,500,-4751.722656,0.375000,47.108493,716.875000,0.000000,0.999807,6.636332,
365,500,-4872.835938,0.500000,47.120752,680.500000,0.000000,0.999813,5.281133,
366,500,0.000000,0.000000,46.389128,1024.000000,0.000000,0.000000,10.980568,
367,500,-2646.644287,0.500000,47.746846,483.375000,0.000000,0.999813,2.997890,
368,500,0.000000,0.000000,46.452478,867.250000,0.000000,0.000000,6.600389,
369,500,-4705.813965,0.375000,46.911245,767.625000,0.000000,0.999807,6.557433,
370,500,0.000000,0.000000,46.476923,1024.000000,0.000000,0.000000,10.500679,
371,500,-3843.817383,0.625000,47.253628,630.750000,0.000000,0.999807,3.295214,
372,500,-3492.301758,0.875000,47.578872,264.250000,0.000000,0.999717,1.707458,
373,500,0.000000,1.000000,49.073710,253.000000,0.000000,0.000000,0.201211,
374,500,-4653.691406,0.625000,47.295406,592.375000,0.000000,0.999807,3.995762,
375,500,0.000000,1.000000,48.650560,187.750000,0.000000,0.000000,0.173624,
376,500,0.000000,0.000000,46.983905,771.875000,0.000000,0.000000,5.737320,
377,500,-5335.555664,0.625000,47.081931,492.875000,0.000000,0.999807,4.488677,
378,500,-5077.060059,0.375000,46.560794,727.125000,0.000000,0.999807,7.074369,
379,500,-3052.299316,0.125000,46.828075,799.250000,0.000000,0.999717,8.608948,
380,500,0.000000,1.000000,48.516283,207.500000,0.000000,0.000000,0.163457,
381,500,-4409.337402,0.250000,46.718781,829.125000,0.000000,0.999784,8.132751,
382,500,0.000000,0.000000,46.499563,1024.000000,0.000000,0.000000,10.239302,
383,500,-1929.411987,0.500000,47.649626,536.125000,0.000000,0.999813,2.154717,
384,500,0.000000,1.000000,48.873082,220.500000,0.000000,0.000000,0.056422,
385,500,0.000000,0.000000,46.264797,1024.000000,0.000000,0.000000,10.304689,
386,500,-2881.110840,0.125000,46.471938,863.750000,0.000000,0.999717,8.127757,
387,500,0.000000,0.000000,46.205194,1024.000000,0.000000,0.000000,9.918098,
388,500,0.000000,1.000000,48.308238,121.125000,0.000000,0.000000,0.165691,
389,500,-4187.990234,0.250000,46.919242,829.875000,0.000000,0.999784,7.781796,
390,500,-3508.770752,0.875000,48.002462,406.500000,0.000000,0.999717,1.509988,
391,500,0.000000,1.000000,48.655412,192.750000,0.000000,0.000000,0.076037,
392,500,0.000000,0.000000,48.828447,161.500000,0.000000,0.000000,0.295692,
393,500,-2559.542969,0.125000,46.726423,966.000000,0.000000,0.999717,7.238003,
394,500,-4470.870117,0.750000,47.375202,465.500000,0.000000,0.999784,3.013148,
395,500,-3555.146729,0.875000,47.933065,488.250000,0.000000,0.999717,1.534266,
396,500,0.000000,0.000000,46.574134,1024.000000,0.000000,0.000000,10.836944,
397,500,-3838.500000,0.375000,47.157275,638.125000,0.000000,0.999807,5.342119,
398,500,-4733.710938,0.750000,47.593628,649.750000,0.000000,0.999784,3.004965,
399,500,0.000000,0.000000,48.299571,505.000000,0.000000,0.000000,0.068709,
400,500,0.000000,1.000000,48.797097,365.500000,0.000000,0.000000,0.086362,38.0
401,500,0.000000,0.000000,43.467197,1024.000000,0.000000,0.000000,11.117053,
402,500,0.000000,0.000000,46.581361,1024.000000,0.000000,0.000000,9.189082,
403,500,0.000000,0.000000,47.706670,510.500000,0.000000,0.000000,0.995925,
404,500,0.000000,1.000000,48.553607,355.000000,0.000000,0.000000,0.046911,
405,500,0.000000,0.000000,46.528941,1024.000000,0.000000,0.000000,11.059854,
406,500,0.000000,0.000000,47.126683,572.125000,0.000000,0.000000,3.709812,
407,500,-1337.391846,0.125000,46.867618,699.375000,0.000000,0.999717,3.798174,
408,500,0.000000,0.000000,46.598993,1024.000000,0.000000,0.000000,9.849058,
409,500,0.778046,0.625000,48.406938,477.500000,0.000000,0.999807,0.055351,
410,500,0.000000,0.000000,46.532986,1024.000000,0.000000,0.000000,6.594432,
411,500,0.000000,0.000000,46.522581,843.750000,0.000000,0.000000,7.904257,
412,500,0.000000,0.000000,48.687852,226.000000,0.000000,0.000000,0.114143,
413,500,-4204.323242,0.250000,46.453536,818.750000,0.000000,0.999784,7.812908,
414,500,0.000000,0.000000,40.791024,838.000000,0.000000,0.000000,6.619862,
415,500,-2369.068604,0.125000,46.697228,852.750000,0.000000,0.999717,6.672382,
416,500,0.000000,0.000000,46.412940,1024.000000,0.000000,0.000000,10.388134,
417,500,0.422838,0.750000,48.549647,269.250000,0.000000,0.999784,0.115114,
418,500,0.307843,0.875000,48.824717,255.625000,0.000000,0.999717,0.096784,
419,500,0.000000,1.000000,48.666597,356.125000,0.000000,0.000000,0.066986,
420,500,0.000000,0.000000,43.658682,1024.000000,0.000000,0.000000,10.480768,
421,500,-2466.640137,0.500000,47.372324,482.000000,0.000000,0.999813,2.687135,
422,500,-2869.829590,0.625000,47.115493,542.250000,0.000000,0.999807,2.545841,
423,500,0.000000,0.000000,47.543237,578.000000,0.000000,0.000000,0.124438,
424,500,0.000000,1.000000,48.262377,124.375000,0.000000,0.000000,0.068311,
425,500,0.000000,1.000000,48.548441,257.000000,0.000000,0.000000,0.040932,
426,500,0.000000,0.000000,46.628013,852.750000,0.000000,0.000000,7.995749,
427,500,0.000000,1.000000,48.728808,278.375000,0.000000,0.000000,0.091155,
428,500,-692.938293,0.375000,47.617890,485.000000,0.000000,0.999807,1.025677,
429,500,-3296.055420,0.875000,47.620904,349.375000,0.000000,0.999717,1.496837,
430,500,-2449.129639,0.875000,47.957720,508.250000,0.000000,0.999717,1.033560,
431,500,-2219.676758,0.500000,47.488637,512.875000,0.000000,0.999813,2.428468,
432,500,-3115.123779,0.875000,47.892060,471.750000,0.000000,0.999717,1.403249,
433,500,-1701.177979,0.500000,46.943552,709.250000,0.000000,0.999813,1.851712,
434,500,-3898.187256,0.625000,47.029940,700.375000,0.000000,0.999807,3.244653,
435,500,0.000000,0.000000,41.619347,1024.000000,0.000000,0.000000,11.231680,
436,500,0.000000,1.000000,48.603793,220.000000,0.000000,0.000000,0.058361,
437,500,0.000000,0.000000,46.904603,792.875000,0.000000,0.000000,4.357537,
438,500,0.000000,0.000000,46.542395,1024.000000,0.000000,0.000000,5.940939,
439,500,0.000000,0.000000,45.885746,804.125000,0.000000,0.000000,6.428907,
440,500,0.000000,1.000000,48.620684,374.750000,0.000000,0.000000,0.071246,
441,500,0.000000,1.000000,48.724201,321.375000,0.000000,0.000000,0.056156,
442,500,-4144.997559,0.750000,47.499242,476.125000,0.000000,0.999784,2.594309,
443,500,0.000000,1.000000,48.558751,386.875000,0.000000,0.000000,0.128811,
444,500,-1506.153687,0.125000,46.557254,938.750000,0.000000,0.999717,4.252850,
445,500,0.000000,0.000000,46.779906,742.875000,0.000000,0.000000,6.143192,
446,500,-4672.191895,0.250000,46.843937,833.500000,0.000000,0.999784,8.574308,
447,500,0.000000,1.000000,48.973884,335.000000,0.000000,0.000000,0.108401,
448,500,0.000000,0.000000,47.924082,609.875000,0.000000,0.000000,0.135986,
449,500,0.000000,1.000000,48.707214,204.000000,0.000000,0.000000,0.039234,
450,500,-3261.620117,0.875000,47.486386,312.250000,0.000000,0.999717,1.434287,33.6
451,500,-3835.376953,0.375000,46.853106,648.125000,0.000000,0.999807,5.348285,
452,500,0.000000,0.000000,48.577365,297.625000,0.000000,0.000000,0.089722,
453,500,-3482.731201,0.875000,48.152460,436.625000,0.000000,0.999717,1.464326,
454,500,0.000000,0.000000,46.383256,1024.000000,0.000000,0.000000,9.845387,
455,500,0.000000,0.000000,46.838758,767.000000,0.000000,0.000000,6.392706,
456,500,0.000000,0.000000,45.774284,896.750000,0.000000,0.000000,10.263884,
457,500,0.000000,0.000000,45.472529,1024.000000,0.000000,0.000000,10.633304,
458,500,-824.343506,0.125000,47.444821,567.750000,0.000000,0.999717,2.438582,
459,500,0.000000,0.000000,46.804202,815.000000,0.000000,0.000000,6.283755,
460,500,0.000000,0.000000,46.510752,1024.000000,0.000000,0.000000,9.975756,
461,500,1.297939,0.875000,45.876501,56.000000,0.000000,0.999717,0.121584,
462,500,-3659.832031,0.375000,46.773448,783.750000,0.000000,0.999807,5.031494,
463,500,-5114.167480,0.625000,47.211779,532.000000,0.000000,0.999807,4.286774,
464,500,0.000000,0.000000,48.594406,352.625000,0.000000,0.000000,0.112030,
465,500,0.000000,1.000000,48.487480,253.500000,0.000000,0.000000,0.075010,
466,500,-2734.059326,0.125000,46.469626,923.000000,0.000000,0.999717,7.715983,
467,500,0.000000,1.000000,48.227099,118.000000,0.000000,0.000000,0.084584,
468,500,0.000000,0.000000,46.535649,1024.000000,0.000000,0.000000,10.781963,
469,500,-4451.868164,0.750000,47.642225,534.125000,0.000000,0.999784,2.811438,
470,500,-3506.530273,0.125000,46.723972,964.500000,0.000000,0.999717,9.787691,
471,500,-4490.555176,0.750000,47.519516,560.500000,0.000000,0.999784,2.786250,
472,500,-1413.116699,0.125000,47.085237,578.875000,0.000000,0.999717,4.042933,
473,500,0.000000,1.000000,48.513524,430.000000,0.000000,0.000000,0.035627,
474,500,0.000000,0.000000,46.961193,655.250000,0.000000,0.000000,3.478817,
475,500,3.252845,0.500000,48.723822,291.375000,0.000000,0.999813,0.096235,
476,500,0.000000,1.000000,48.901493,279.000000,0.000000,0.000000,0.060672,
477,500,-2725.062500,0.125000,46.836075,962.250000,0.000000,0.999717,7.635003,
478,500,-3977.012451,0.375000,46.953762,772.125000,0.000000,0.999807,5.452072,
479,500,0.000000,1.000000,48.754534,224.000000,0.000000,0.000000,0.086959,
480,500,0.000000,1.000000,47.910982,529.000000,0.000000,0.000000,0.034081,
481,500,0.256968,0.250000,48.987546,203.000000,0.000000,0.999784,0.152834,
482,500,0.000000,1.000000,48.646581,340.500000,0.000000,0.000000,0.066014,
483,500,0.000000,1.000000,48.531568,270.625000,0.000000,0.000000,0.122217,
484,500,0.000000,1.000000,48.306666,215.000000,0.000000,0.000000,0.097443,
485,500,0.000000,0.000000,41.391439,1024.000000,0.000000,0.000000,11.267288,
486,500,0.000000,1.000000,48.680928,250.000000,0.000000,0.000000,0.052589,
487,500,-1.076199,0.750000,48.730475,326.375000,0.000000,0.999784,0.136865,
488,500,0.000000,0.000000,46.345588,843.000000,0.000000,0.000000,6.296855,
489,500,0.000000,1.000000,48.847922,184.750000,0.000000,0.000000,0.084225,
490,500,0.741757,0.375000,48.599932,380.125000,0.000000,0.999807,0.046366,
491,500,0.000000,1.000000,48.534547,182.000000,0.000000,0.000000,0.051554,
492,500,0.000000,1.000000,48.623357,351.625000,0.000000,0.000000,0.051474,
493,500,0.000000,0.000000,46.553912,1024.000000,0.000000,0.000000,8.170142,
494,500,0.000000,0.000000,46.586687,1024.000000,0.000000,0.000000,10.694727,
495,500,0.000000,0.000000,47.265025,620.250000,0.000000,0.000000,2.996022,
496,500,0.000000,1.000000,48.635885,242.000000,0.000000,0.000000,0.059132,
497,500,0.000000,1.000000,48.711418,342.250000,0.000000,0.000000,0.065252,
498,500,0.000000,0.000000,46.741956,856.500000,0.000000,0.000000,6.226794,
499,500,0.000000,1.000000,48.370399,237.000000,0.000000,0.000000,0.035155,
500,500,-916.814636,0.125000,46.833696,762.250000,0.000000,0.999717,2.614523,33.0