step,total_steps,loss,reward_avg,tokens_per_sec,avg_response_len,adv_avg,adv_std,entropy_avg,policy_ratio,eval_acc
1,500,-0.034475,0.125000,30.315603,38.375000,0.000000,0.999717,1.268579,1.031744,15.6
2,500,-0.117847,0.125000,38.436693,384.000000,0.000000,0.999717,0.719712,2.145179,
3,500,-1.720999,0.250000,16.278158,23.250000,0.000000,0.999784,0.888300,1.848870,
4,500,-2.549986,0.500000,21.431384,88.500000,0.000000,0.999813,0.729145,3.140650,
5,500,-0.297200,0.125000,24.992403,342.875000,0.000000,0.999717,0.157202,0.950032,
6,500,-0.707277,0.750000,24.594956,368.500000,0.000000,0.999784,0.138124,2.412728,
7,500,0.000000,0.000000,20.492388,711.750000,0.000000,0.000000,0.200695,1.800806,
8,500,0.000000,1.000000,24.464849,230.500000,0.000000,0.000000,0.087572,1.199746,
9,500,0.000000,0.000000,26.899621,721.875000,0.000000,0.000000,0.311647,1.453875,
10,500,0.000000,0.000000,24.586644,441.875000,0.000000,0.000000,0.115590,1.231860,
11,500,0.000000,1.000000,23.536718,185.875000,0.000000,0.000000,0.122390,1.068958,
12,500,0.000000,0.000000,24.788705,407.500000,0.000000,0.000000,0.056278,1.117903,
13,500,0.000000,0.000000,25.297087,201.375000,0.000000,0.000000,0.234445,1.247252,
14,500,0.000000,1.000000,25.150866,259.750000,0.000000,0.000000,0.086495,0.971756,
15,500,0.000000,1.000000,23.747979,131.625000,0.000000,0.000000,0.094133,0.971477,
16,500,-1.017623,0.500000,24.521792,280.000000,0.000000,0.999813,0.130187,2.617341,
17,500,0.506654,0.125000,22.298739,677.625000,0.000000,0.999717,0.138066,2.168518,
18,500,-0.599055,0.875000,22.766125,241.125000,0.000000,0.999717,0.128814,2.050547,
19,500,0.000000,1.000000,24.353171,311.250000,0.000000,0.000000,0.079156,3.310687,
20,500,0.000000,0.000000,23.600197,235.375000,0.000000,0.000000,0.208698,0.928218,
21,500,0.000000,1.000000,24.628886,402.250000,0.000000,0.000000,0.053061,1.573068,
22,500,0.075199,0.125000,21.358725,429.250000,0.000000,0.999717,0.197942,0.760947,
23,500,0.000000,0.000000,21.949432,349.250000,0.000000,0.000000,0.189313,0.823941,
24,500,-0.119613,0.125000,23.698374,675.125000,0.000000,0.999717,0.133318,1.062589,
25,500,0.000000,1.000000,24.681164,447.125000,0.000000,0.000000,0.063080,1.531032,
26,500,0.000000,1.000000,24.814491,241.500000,0.000000,0.000000,0.122454,1.081852,
27,500,0.000000,1.000000,24.743359,297.750000,0.000000,0.000000,0.105151,1.053789,
28,500,0.000000,1.000000,24.906132,290.000000,0.000000,0.000000,0.063662,1.337152,
29,500,0.000000,0.000000,26.996044,774.625000,0.000000,0.000000,0.183737,0.685176,
30,500,0.000000,1.000000,24.611249,365.000000,0.000000,0.000000,0.046839,1.087482,
31,500,0.000000,1.000000,24.004218,246.375000,0.000000,0.000000,0.079724,1.447025,
32,500,0.000000,1.000000,24.989286,314.750000,0.000000,0.000000,0.070124,1.407318,
33,500,0.000000,1.000000,24.507850,350.875000,0.000000,0.000000,0.024217,1.109633,
34,500,0.000000,1.000000,24.433786,208.000000,0.000000,0.000000,0.058933,1.197507,
35,500,0.000000,1.000000,24.658883,375.875000,0.000000,0.000000,0.093955,1.006968,
36,500,0.248427,0.375000,22.667947,771.500000,0.000000,0.999807,0.180859,1.339587,
37,500,0.000000,1.000000,24.611836,321.000000,0.000000,0.000000,0.059221,1.830054,
38,500,0.000000,1.000000,24.368062,147.000000,0.000000,0.000000,0.055068,1.228179,
39,500,0.000000,0.000000,19.936887,493.250000,0.000000,0.000000,0.117357,1.061008,
40,500,0.000000,1.000000,24.548934,397.375000,0.000000,0.000000,0.069551,0.925328,
41,500,0.000000,1.000000,24.655853,202.875000,0.000000,0.000000,0.135918,0.946459,
42,500,-0.569914,0.250000,25.138929,238.875000,0.000000,0.999784,0.251240,1.096181,
43,500,-0.531436,0.500000,22.699798,390.875000,0.000000,0.999813,0.134335,0.882753,
44,500,-1.125112,0.250000,26.452497,648.000000,0.000000,0.999784,0.068598,0.705240,
45,500,0.000000,1.000000,24.557511,205.625000,0.000000,0.000000,0.071850,0.937335,
46,500,0.000000,1.000000,25.192309,297.000000,0.000000,0.000000,0.084905,1.017246,
47,500,-1.156493,0.375000,24.708662,751.125000,0.000000,0.999807,0.126323,1.153675,
48,500,0.000000,1.000000,24.358198,329.500000,0.000000,0.000000,0.054313,1.163110,
49,500,0.098488,0.125000,23.625581,657.625000,0.000000,0.999717,0.104060,1.072064,
50,500,0.000000,1.000000,24.454285,264.750000,0.000000,0.000000,0.135326,0.981978,45.2
51,500,0.000000,1.000000,24.641858,258.750000,0.000000,0.000000,0.066459,1.079628,
52,500,-0.092650,0.250000,23.853624,544.750000,0.000000,0.999784,0.203590,1.006436,
53,500,0.000000,1.000000,24.520395,234.000000,0.000000,0.000000,0.044994,0.763942,
54,500,0.000000,1.000000,24.409132,414.875000,0.000000,0.000000,0.037541,1.112889,
55,500,0.000000,1.000000,24.500338,379.125000,0.000000,0.000000,0.075631,0.741609,
56,500,0.000000,0.000000,24.676454,266.000000,0.000000,0.000000,0.142431,1.108856,
57,500,-0.789857,0.375000,27.167562,316.125000,0.000000,0.999807,0.178715,2.117315,
58,500,0.000000,1.000000,24.586840,252.250000,0.000000,0.000000,0.102264,1.098814,
59,500,0.000000,0.000000,24.704827,381.250000,0.000000,0.000000,0.066044,1.375635,
60,500,-0.336089,0.750000,24.990555,706.000000,0.000000,0.999784,0.137313,1.433111,
61,500,0.000000,0.000000,23.401147,502.500000,0.000000,0.000000,0.165534,1.053865,
62,500,0.000000,1.000000,24.476683,539.500000,0.000000,0.000000,0.059609,0.833338,
63,500,0.000000,1.000000,23.825773,416.875000,0.000000,0.000000,0.070634,1.181831,
64,500,0.000000,1.000000,24.172088,280.375000,0.000000,0.000000,0.065200,0.776315,
65,500,0.000000,1.000000,24.561441,294.000000,0.000000,0.000000,0.057413,0.613113,
66,500,-0.217685,0.375000,24.012455,574.000000,0.000000,0.999807,0.191555,0.731988,
67,500,0.000000,0.000000,20.518033,379.875000,0.000000,0.000000,0.273615,0.766502,
68,500,0.000000,1.000000,24.182912,678.000000,0.000000,0.000000,0.042899,0.927182,
69,500,0.000000,0.000000,24.602636,425.375000,0.000000,0.000000,0.088040,0.939170,
70,500,0.000000,1.000000,24.600837,162.125000,0.000000,0.000000,0.049977,0.836331,
71,500,0.000000,1.000000,25.507252,421.750000,0.000000,0.000000,0.088526,0.867320,
72,500,0.000000,1.000000,24.328961,544.250000,0.000000,0.000000,0.060475,1.470646,
73,500,0.000000,1.000000,24.658588,525.625000,0.000000,0.000000,0.052405,0.855739,
74,500,0.000000,1.000000,24.958069,304.875000,0.000000,0.000000,0.063309,0.965128,
75,500,-0.070352,0.500000,22.749941,539.375000,0.000000,0.999813,0.164670,0.929672,
76,500,0.000000,1.000000,24.543043,319.000000,0.000000,0.000000,0.043570,1.324321,
77,500,0.000000,0.000000,24.160017,524.500000,0.000000,0.000000,0.081535,1.242999,
78,500,0.000000,1.000000,24.705623,276.000000,0.000000,0.000000,0.045663,1.695649,
79,500,-1.689062,0.625000,24.552699,587.875000,0.000000,0.999807,0.060745,2.412031,
80,500,-0.089127,0.875000,22.139950,530.125000,0.000000,0.999717,0.168630,0.835339,
81,500,-0.142103,0.875000,24.168465,425.500000,0.000000,0.999717,0.073322,1.867212,
82,500,-0.380307,0.875000,24.154330,488.125000,0.000000,0.999717,0.081411,1.086483,
83,500,0.000000,1.000000,24.207035,188.000000,0.000000,0.000000,0.035109,0.878880,
84,500,0.000000,1.000000,24.298728,617.000000,0.000000,0.000000,0.035396,1.213683,
85,500,0.000000,1.000000,24.429909,308.000000,0.000000,0.000000,0.032653,1.401305,
86,500,0.000000,1.000000,24.360823,145.750000,0.000000,0.000000,0.065415,0.973771,
87,500,0.000000,1.000000,24.535441,341.875000,0.000000,0.000000,0.034840,1.075295,
88,500,-0.529992,0.875000,21.037988,482.875000,0.000000,0.999717,0.084298,1.650763,
89,500,-0.017635,0.375000,23.261984,581.500000,0.000000,0.999807,0.132004,0.419743,
90,500,-0.295018,0.750000,24.041450,550.500000,0.000000,0.999784,0.188618,1.671334,
91,500,-0.067314,0.375000,21.440147,388.750000,0.000000,0.999807,0.122503,1.032200,
92,500,0.000000,1.000000,23.907738,255.875000,0.000000,0.000000,0.059238,0.393656,
93,500,0.000000,1.000000,24.746046,608.625000,0.000000,0.000000,0.058714,0.914337,
94,500,0.096529,0.500000,26.490852,406.500000,0.000000,0.999813,0.058034,1.044415,
95,500,0.000000,0.000000,24.604376,303.000000,0.000000,0.000000,0.026799,0.862205,
96,500,0.000000,1.000000,24.851579,270.250000,0.000000,0.000000,0.041163,1.197903,
97,500,0.000000,1.000000,23.762929,373.625000,0.000000,0.000000,0.076035,1.815381,
98,500,0.000000,1.000000,25.097484,488.125000,0.000000,0.000000,0.037947,1.561897,
99,500,0.000000,1.000000,24.664399,267.375000,0.000000,0.000000,0.069408,2.066093,
100,500,-1.031818,0.625000,24.450671,359.625000,0.000000,0.999807,0.049600,1.522338,45.6
101,500,-2.062696,0.125000,24.309620,289.625000,0.000000,0.999717,0.060722,0.844927,
102,500,0.000000,1.000000,24.170291,589.000000,0.000000,0.000000,0.043663,0.722827,
103,500,-2.115548,0.875000,22.773550,566.750000,0.000000,0.999717,0.072271,10.011454,
104,500,0.000000,1.000000,24.446873,177.000000,0.000000,0.000000,0.048589,0.495158,
105,500,0.000000,1.000000,24.159339,214.875000,0.000000,0.000000,0.077904,1.510702,
106,500,0.000000,1.000000,24.531805,219.000000,0.000000,0.000000,0.048530,0.739987,
107,500,0.000000,1.000000,24.473416,200.000000,0.000000,0.000000,0.032386,1.057775,
108,500,0.000000,0.000000,24.335592,233.375000,0.000000,0.000000,0.106561,1.049032,
109,500,0.000000,1.000000,23.838284,382.000000,0.000000,0.000000,0.023732,1.230449,
110,500,0.000000,0.000000,24.905482,642.375000,0.000000,0.000000,0.150265,1.184081,
111,500,0.000000,1.000000,24.531488,209.000000,0.000000,0.000000,0.053324,0.859186,
112,500,0.000000,0.000000,24.709621,1024.000000,0.000000,0.000000,0.091917,0.921074,
113,500,0.000000,1.000000,24.330806,267.375000,0.000000,0.000000,0.046705,0.966581,
114,500,0.000000,1.000000,23.676452,228.000000,0.000000,0.000000,0.058728,0.950044,
115,500,0.000000,1.000000,23.825130,231.750000,0.000000,0.000000,0.061245,1.200450,
116,500,0.000000,1.000000,24.506636,350.000000,0.000000,0.000000,0.035927,0.999415,
117,500,-0.204027,0.250000,25.216645,600.250000,0.000000,0.999784,0.089892,0.302804,
118,500,0.000000,1.000000,25.011855,247.250000,0.000000,0.000000,0.043294,1.037384,
119,500,0.000000,0.000000,24.007566,694.750000,0.000000,0.000000,0.220858,1.307865,
120,500,0.000000,1.000000,24.880829,379.375000,0.000000,0.000000,0.046599,1.365544,
121,500,0.000000,0.000000,26.296229,763.375000,0.000000,0.000000,0.132096,0.985737,
122,500,0.000000,0.000000,26.645285,637.500000,0.000000,0.000000,0.146412,1.303571,
123,500,-0.954252,0.125000,22.815946,955.500000,0.000000,0.999717,0.116247,2.087398,
124,500,0.000142,0.875000,24.674547,212.000000,0.000000,0.999717,0.106480,1.201566,
125,500,0.167284,0.250000,24.369326,743.750000,0.000000,0.999784,0.184506,0.617945,
126,500,-0.447756,0.875000,23.272818,596.000000,0.000000,0.999717,0.065643,1.271466,
127,500,-0.246619,0.750000,23.804104,641.000000,0.000000,0.999784,0.100946,0.938964,
128,500,0.000000,1.000000,24.809904,384.375000,0.000000,0.000000,0.080434,1.543563,
129,500,0.000000,1.000000,24.577147,640.750000,0.000000,0.000000,0.043440,0.891367,
130,500,0.000000,1.000000,24.482942,362.000000,0.000000,0.000000,0.035261,2.201453,
131,500,0.000000,1.000000,24.824121,246.500000,0.000000,0.000000,0.062651,1.143206,
132,500,0.000000,1.000000,24.066609,238.625000,0.000000,0.000000,0.109645,1.712759,
133,500,0.000000,1.000000,23.216108,774.375000,0.000000,0.000000,0.057923,1.073763,
134,500,0.000000,0.000000,27.927410,420.500000,0.000000,0.000000,0.110428,1.383464,
135,500,0.000000,1.000000,24.539043,222.000000,0.000000,0.000000,0.053434,2.054903,
136,500,0.000000,1.000000,24.978012,178.750000,0.000000,0.000000,0.123822,0.949012,
137,500,0.000000,1.000000,24.314404,535.000000,0.000000,0.000000,0.048212,0.672601,
138,500,0.000000,0.000000,22.405333,401.375000,0.000000,0.000000,0.091667,1.015833,
139,500,0.000000,0.000000,23.704453,454.625000,0.000000,0.000000,0.162990,0.733318,
140,500,0.000000,0.000000,25.085860,561.875000,0.000000,0.000000,0.063768,1.411877,
141,500,0.000000,1.000000,24.199947,185.000000,0.000000,0.000000,0.041356,0.712374,
142,500,-0.025590,0.125000,27.061574,849.750000,0.000000,0.999717,0.161150,1.698433,
143,500,0.523332,0.875000,25.248960,300.125000,0.000000,0.999717,0.157838,1.345051,
144,500,-2.173395,0.250000,22.842715,667.250000,0.000000,0.999784,0.110649,2.280751,
145,500,0.000000,1.000000,24.456583,248.375000,0.000000,0.000000,0.046391,0.762023,
146,500,0.000000,1.000000,24.765999,268.875000,0.000000,0.000000,0.041555,1.200675,
147,500,-2.037918,0.125000,24.510115,414.625000,0.000000,0.999717,0.120410,1.049484,
148,500,0.000000,1.000000,24.365179,198.500000,0.000000,0.000000,0.051059,0.959430,
149,500,0.000000,1.000000,24.349660,331.750000,0.000000,0.000000,0.027515,1.013541,
150,500,0.000000,0.000000,23.907559,580.500000,0.000000,0.000000,0.062963,0.900952,41.8
151,500,0.000000,1.000000,24.617040,181.000000,0.000000,0.000000,0.026388,0.832131,
152,500,0.000000,1.000000,24.361480,371.250000,0.000000,0.000000,0.043457,0.619671,
153,500,0.000000,1.000000,24.438388,212.000000,0.000000,0.000000,0.070752,0.968882,
154,500,0.000000,1.000000,24.443921,218.000000,0.000000,0.000000,0.071072,1.211045,
155,500,0.000000,0.000000,24.817981,300.000000,0.000000,0.000000,0.052244,1.426197,
156,500,-2.720242,0.125000,24.170698,932.875000,0.000000,0.999717,0.168187,2.431588,
157,500,0.000000,1.000000,24.897509,390.000000,0.000000,0.000000,0.107796,1.699383,
158,500,-4.072908,0.250000,27.161113,377.125000,0.000000,0.999784,0.121748,17.507557,
159,500,-0.176965,0.375000,24.308396,597.625000,0.000000,0.999807,0.160201,0.387980,
160,500,0.000000,1.000000,24.313406,495.625000,0.000000,0.000000,0.051833,1.658388,
161,500,0.881529,0.875000,24.719124,408.250000,0.000000,0.999717,0.056883,1.259992,
162,500,0.000000,1.000000,24.484118,520.375000,0.000000,0.000000,0.034027,1.442261,
163,500,0.000000,0.000000,24.181899,146.000000,0.000000,0.000000,0.057359,0.720237,
164,500,-0.164509,0.500000,27.665350,381.500000,0.000000,0.999813,0.152653,1.581034,
165,500,0.000000,0.000000,24.657200,404.000000,0.000000,0.000000,0.030145,1.220107,
166,500,-4.337680,0.250000,24.977636,348.500000,0.000000,0.999784,0.073219,7.569416,
167,500,0.031842,0.375000,24.052439,295.625000,0.000000,0.999807,0.134433,0.487926,
168,500,0.144404,0.125000,24.388462,320.000000,0.000000,0.999717,0.164252,0.874321,
169,500,0.000000,1.000000,24.324468,566.000000,0.000000,0.000000,0.028970,1.643008,
170,500,0.000000,1.000000,26.126507,457.750000,0.000000,0.000000,0.085612,1.444495,
171,500,0.000000,0.000000,24.791552,239.750000,0.000000,0.000000,0.058050,0.816966,
172,500,-0.385487,0.750000,21.702257,486.500000,0.000000,0.999784,0.116268,1.645372,
173,500,-3.273540,0.125000,24.469129,549.000000,0.000000,0.999717,0.064169,5.445503,
174,500,0.000000,1.000000,24.097747,393.625000,0.000000,0.000000,0.070018,4.467210,
175,500,-0.277092,0.625000,25.496741,669.375000,0.000000,0.999807,0.112580,0.519867,
176,500,0.000000,0.000000,23.884080,522.000000,0.000000,0.000000,0.037564,1.204752,
177,500,0.000000,0.000000,24.126780,422.000000,0.000000,0.000000,0.038534,0.719868,
178,500,0.000000,1.000000,24.351841,387.625000,0.000000,0.000000,0.050222,1.647212,
179,500,-0.914511,0.125000,24.667504,383.500000,0.000000,0.999717,0.166045,1.517982,
180,500,-1.099863,0.750000,23.718293,518.250000,0.000000,0.999784,0.067745,2.038799,
181,500,0.000000,1.000000,24.492040,421.125000,0.000000,0.000000,0.069142,1.602082,
182,500,0.000000,1.000000,24.324136,200.000000,0.000000,0.000000,0.057218,0.994515,
183,500,0.000000,1.000000,24.567774,211.750000,0.000000,0.000000,0.063074,1.034312,
184,500,0.000000,0.000000,23.061929,916.625000,0.000000,0.000000,0.135933,2.353892,
185,500,0.000000,1.000000,23.603941,644.250000,0.000000,0.000000,0.069422,1.768475,
186,500,0.374511,0.875000,24.035570,443.625000,0.000000,0.999717,0.066454,1.063319,
187,500,-0.962810,0.125000,25.372931,759.750000,0.000000,0.999717,0.173324,1.238076,
188,500,0.000000,1.000000,25.408946,334.250000,0.000000,0.000000,0.098296,1.422470,
189,500,0.000000,0.000000,24.334456,479.875000,0.000000,0.000000,0.068373,0.844516,
190,500,0.332521,0.500000,25.529154,541.250000,0.000000,0.999813,0.148206,1.644320,
191,500,0.000000,0.000000,26.416085,754.375000,0.000000,0.000000,0.242355,1.360871,
192,500,0.000000,0.000000,18.846698,784.000000,0.000000,0.000000,0.370328,2.005835,
193,500,0.000000,1.000000,23.961976,640.750000,0.000000,0.000000,0.064716,1.526366,
194,500,0.000000,1.000000,24.935030,859.125000,0.000000,0.000000,0.066635,4.483639,
195,500,0.000000,1.000000,25.367335,495.625000,0.000000,0.000000,0.074373,1.062491,
196,500,0.000000,1.000000,24.510958,280.000000,0.000000,0.000000,0.060254,0.452232,
197,500,0.000000,1.000000,24.614475,658.125000,0.000000,0.000000,0.056911,0.802985,
198,500,0.000000,1.000000,24.884288,266.625000,0.000000,0.000000,0.153382,1.001141,
199,500,0.000000,1.000000,24.888198,306.125000,0.000000,0.000000,0.061569,1.226276,
200,500,-0.178623,0.500000,25.048337,718.125000,0.000000,0.999813,0.168088,0.789767,42.4
201,500,0.000000,0.000000,23.605817,980.625000,0.000000,0.000000,0.097273,1.021089,
202,500,0.823673,0.250000,26.101390,609.125000,0.000000,0.999784,0.141424,4.596264,
203,500,0.000000,0.000000,25.246542,315.875000,0.000000,0.000000,0.054719,2.037296,
204,500,0.000000,1.000000,23.769174,320.625000,0.000000,0.000000,0.094026,1.177239,
205,500,-1.290349,0.375000,22.625843,348.625000,0.000000,0.999807,0.152504,1.135750,
206,500,0.346706,0.125000,25.559595,469.750000,0.000000,0.999717,0.178896,1.633839,
207,500,-0.671240,0.750000,25.062873,586.375000,0.000000,0.999784,0.067291,1.243651,
208,500,0.000000,1.000000,24.143938,209.250000,0.000000,0.000000,0.053053,1.075266,
209,500,0.000000,1.000000,24.729954,384.000000,0.000000,0.000000,0.066174,1.394393,
210,500,0.000000,1.000000,24.017495,456.500000,0.000000,0.000000,0.065646,1.047831,
211,500,-2.020285,0.875000,24.392580,530.250000,0.000000,0.999717,0.072057,5.717817,
212,500,-0.336588,0.750000,24.923918,381.125000,0.000000,0.999784,0.128027,1.293616,
213,500,0.000000,1.000000,24.448429,351.375000,0.000000,0.000000,0.073620,1.297298,
214,500,0.341817,0.750000,24.400499,667.625000,0.000000,0.999784,0.063721,1.619137,
215,500,0.000000,1.000000,23.985403,182.000000,0.000000,0.000000,0.044235,0.686039,
216,500,0.000000,1.000000,24.591928,589.250000,0.000000,0.000000,0.070263,1.267575,
217,500,0.000000,1.000000,25.129548,334.750000,0.000000,0.000000,0.103049,1.622397,
218,500,0.000000,1.000000,25.139544,341.875000,0.000000,0.000000,0.137359,1.511645,
219,500,0.000000,1.000000,23.330508,542.000000,0.000000,0.000000,0.090112,1.652764,
220,500,0.000000,1.000000,24.435344,342.125000,0.000000,0.000000,0.102961,1.368879,
221,500,0.000000,0.000000,24.448921,299.250000,0.000000,0.000000,0.204838,1.070318,
222,500,0.000000,1.000000,24.550509,283.250000,0.000000,0.000000,0.110506,0.938034,
223,500,0.000000,1.000000,23.440102,472.875000,0.000000,0.000000,0.072356,1.258716,
224,500,0.000000,0.000000,24.303930,665.375000,0.000000,0.000000,0.195507,1.239892,
225,500,0.000000,1.000000,23.370201,306.625000,0.000000,0.000000,0.131813,0.829034,
226,500,0.262706,0.125000,24.533826,439.375000,0.000000,0.999717,0.153463,2.084263,
227,500,-1.813651,0.750000,23.886153,457.000000,0.000000,0.999784,0.065834,3.707393,
228,500,0.000000,1.000000,24.444201,321.500000,0.000000,0.000000,0.055516,0.871386,
229,500,0.000000,1.000000,24.642053,464.375000,0.000000,0.000000,0.079346,1.387178,
230,500,0.094092,0.125000,23.721509,789.875000,0.000000,0.999717,0.212441,0.534926,
231,500,-4.400991,0.750000,24.344658,322.000000,0.000000,0.999784,0.088997,9.473310,
232,500,0.000000,0.000000,23.706845,504.500000,0.000000,0.000000,0.314987,0.458148,
233,500,0.000000,1.000000,24.504451,196.000000,0.000000,0.000000,0.045024,0.742915,
234,500,0.000000,1.000000,24.383176,334.625000,0.000000,0.000000,0.049367,0.808848,
235,500,-0.918378,0.875000,23.188117,489.625000,0.000000,0.999717,0.109295,3.643234,
236,500,0.000000,1.000000,24.139162,701.875000,0.000000,0.000000,0.065724,1.885923,
237,500,0.000000,1.000000,25.662309,328.125000,0.000000,0.000000,0.183293,1.672894,
238,500,0.000000,1.000000,25.209954,494.625000,0.000000,0.000000,0.072593,1.225812,
239,500,0.127154,0.750000,23.633018,856.875000,0.000000,0.999784,0.127193,1.062475,
240,500,0.000000,1.000000,24.799260,183.750000,0.000000,0.000000,0.043672,0.808386,
241,500,-1.167284,0.500000,24.831860,308.375000,0.000000,0.999813,0.145255,1.283224,
242,500,0.000000,1.000000,24.477886,377.750000,0.000000,0.000000,0.088871,1.151327,
243,500,-2.342721,0.500000,24.446683,268.125000,0.000000,0.999813,0.149588,2.573334,
244,500,0.000000,0.000000,23.020079,448.250000,0.000000,0.000000,0.119299,1.462826,
245,500,0.000000,1.000000,25.696306,316.375000,0.000000,0.000000,0.071423,0.941321,
246,500,0.000000,1.000000,24.292013,562.000000,0.000000,0.000000,0.049943,0.998610,
247,500,0.000000,0.000000,21.175263,797.375000,0.000000,0.000000,0.253990,1.701357,
248,500,0.000000,1.000000,23.510193,487.250000,0.000000,0.000000,0.093539,0.822300,
249,500,0.000000,1.000000,24.533639,313.500000,0.000000,0.000000,0.072773,1.145228,
250,500,0.000000,0.000000,22.992149,922.375000,0.000000,0.000000,0.101898,1.198820,41.6
251,500,0.000000,1.000000,24.758054,489.750000,0.000000,0.000000,0.093060,2.055551,
252,500,-0.327005,0.250000,24.051728,452.625000,0.000000,0.999784,0.235583,1.002694,
253,500,0.000000,1.000000,25.173251,363.250000,0.000000,0.000000,0.040662,0.787076,
254,500,0.000000,1.000000,24.304402,375.750000,0.000000,0.000000,0.061605,0.943948,
255,500,0.000000,1.000000,24.110186,134.875000,0.000000,0.000000,0.098936,0.864942,
256,500,-1.476882,0.625000,24.953729,455.375000,0.000000,0.999807,0.120437,3.245279,
257,500,-0.462054,0.250000,24.874562,536.625000,0.000000,0.999784,0.077136,0.661290,
258,500,0.000000,1.000000,22.519883,447.875000,0.000000,0.000000,0.115295,0.960843,
259,500,0.110300,0.125000,22.805548,687.375000,0.000000,0.999717,0.246080,0.822994,
260,500,-1.433209,0.500000,24.171143,839.375000,0.000000,0.999813,0.071725,1.898819,
261,500,-0.147903,0.875000,22.488703,287.125000,0.000000,0.999717,0.086554,0.418972,
262,500,-0.712185,0.250000,24.174572,805.375000,0.000000,0.999784,0.107503,2.143036,
263,500,-0.601150,0.625000,23.945810,747.750000,0.000000,0.999807,0.116525,1.112488,
264,500,0.000000,1.000000,24.628899,321.125000,0.000000,0.000000,0.090122,0.910379,
265,500,0.000000,1.000000,22.571530,300.875000,0.000000,0.000000,0.095017,1.460912,
266,500,0.000000,1.000000,24.449713,397.625000,0.000000,0.000000,0.046556,1.193220,
267,500,0.000000,1.000000,23.823484,185.250000,0.000000,0.000000,0.114527,0.841580,
268,500,-0.215824,0.250000,24.649645,676.250000,0.000000,0.999784,0.104779,2.019057,
269,500,0.000000,1.000000,24.832213,357.000000,0.000000,0.000000,0.076399,0.995641,
270,500,-1.550090,0.500000,24.548268,263.000000,0.000000,0.999813,0.095795,1.810300,
271,500,-0.937068,0.875000,23.772955,731.375000,0.000000,0.999717,0.117141,4.492424,
272,500,-0.390731,0.625000,24.758418,408.000000,0.000000,0.999807,0.062790,0.539588,
273,500,0.000000,0.000000,23.809445,380.375000,0.000000,0.000000,0.066777,2.524077,
274,500,0.000000,1.000000,25.454182,255.500000,0.000000,0.000000,0.061667,0.924019,
275,500,0.000000,0.000000,24.418983,351.875000,0.000000,0.000000,0.076098,2.424327,
276,500,0.000000,1.000000,22.760330,395.375000,0.000000,0.000000,0.062678,1.680944,
277,500,1.147280,0.750000,24.099412,848.875000,0.000000,0.999784,0.110861,1.046619,
278,500,0.000000,1.000000,24.094196,527.625000,0.000000,0.000000,0.069072,1.245676,
279,500,0.000000,1.000000,24.474283,440.125000,0.000000,0.000000,0.058543,0.982508,
280,500,0.000000,0.000000,25.282860,853.625000,0.000000,0.000000,0.131320,2.251951,
281,500,0.000000,1.000000,24.152496,263.625000,0.000000,0.000000,0.065718,1.195760,
282,500,0.000000,1.000000,25.490105,632.625000,0.000000,0.000000,0.082478,1.716092,
283,500,0.000000,1.000000,24.458886,330.750000,0.000000,0.000000,0.038702,1.650524,
284,500,0.205433,0.250000,24.588943,631.625000,0.000000,0.999784,0.160875,1.396360,
285,500,1.499693,0.875000,26.214781,367.875000,0.000000,0.999717,0.076323,1.208964,
286,500,0.000000,1.000000,24.336834,441.000000,0.000000,0.000000,0.047555,0.910966,
287,500,0.000000,1.000000,24.260008,618.500000,0.000000,0.000000,0.044656,0.543435,
288,500,0.000000,1.000000,23.085642,512.250000,0.000000,0.000000,0.097051,0.673008,
289,500,0.198165,0.125000,24.422568,908.750000,0.000000,0.999717,0.211166,0.725461,
290,500,0.000000,1.000000,24.753872,332.500000,0.000000,0.000000,0.045876,1.220391,
291,500,0.000000,1.000000,24.370548,169.000000,0.000000,0.000000,0.045967,1.005903,
292,500,-0.181290,0.500000,24.187946,708.875000,0.000000,0.999813,0.096817,0.639982,
293,500,-0.357655,0.250000,24.398227,647.750000,0.000000,0.999784,0.200184,2.043193,
294,500,-1.247834,0.750000,23.539549,505.375000,0.000000,0.999784,0.056772,2.442081,
295,500,0.000000,1.000000,24.686775,305.125000,0.000000,0.000000,0.044974,0.657126,
296,500,0.000000,1.000000,23.788730,239.875000,0.000000,0.000000,0.058125,0.792711,
297,500,0.000000,1.000000,24.372068,261.250000,0.000000,0.000000,0.049350,0.953832,
298,500,-0.153230,0.875000,23.414005,281.500000,0.000000,0.999717,0.084775,0.503196,
299,500,0.000000,0.000000,24.530309,886.125000,0.000000,0.000000,0.092262,1.322145,
300,500,0.000000,1.000000,23.577565,373.375000,0.000000,0.000000,0.103828,1.037860,42.4
301,500,0.319746,0.875000,25.640934,558.375000,0.000000,0.999717,0.123458,2.116975,
302,500,0.000000,1.000000,23.818018,655.875000,0.000000,0.000000,0.052294,3.047661,
303,500,0.000000,1.000000,25.044035,183.375000,0.000000,0.000000,0.078969,1.460165,
304,500,0.000000,1.000000,24.007626,298.625000,0.000000,0.000000,0.067809,0.999391,
305,500,0.000000,1.000000,25.025945,422.250000,0.000000,0.000000,0.110053,1.147341,
306,500,0.000000,1.000000,24.943279,330.000000,0.000000,0.000000,0.050028,1.266103,
307,500,0.000000,0.000000,24.245512,557.500000,0.000000,0.000000,0.078269,1.524761,
308,500,0.000000,1.000000,24.457043,428.000000,0.000000,0.000000,0.036476,1.398184,
309,500,-1.361819,0.125000,23.293111,286.875000,0.000000,0.999717,0.092078,0.919959,
310,500,0.000000,0.000000,25.375706,868.500000,0.000000,0.000000,0.143071,9.919211,
311,500,0.000000,1.000000,24.537031,300.125000,0.000000,0.000000,0.042304,0.651476,
312,500,0.000000,1.000000,24.368808,300.500000,0.000000,0.000000,0.044217,0.939031,
313,500,0.000000,0.000000,22.411185,676.500000,0.000000,0.000000,0.231699,1.011336,
314,500,0.000000,0.000000,25.137354,452.125000,0.000000,0.000000,0.110855,1.789963,
315,500,0.000000,1.000000,24.512324,318.000000,0.000000,0.000000,0.040700,0.951680,
316,500,-0.278820,0.375000,22.993368,640.125000,0.000000,0.999807,0.150833,0.979034,
317,500,0.000000,1.000000,23.125649,595.375000,0.000000,0.000000,0.048750,1.325051,
318,500,0.000000,1.000000,23.952445,673.375000,0.000000,0.000000,0.039564,0.860533,
319,500,0.013353,0.875000,24.218393,645.125000,0.000000,0.999717,0.071133,0.914674,
320,500,0.000000,1.000000,24.936662,346.625000,0.000000,0.000000,0.133012,1.712690,
321,500,-0.389791,0.750000,28.242926,592.750000,0.000000,0.999784,0.115275,1.018962,
322,500,0.000000,0.000000,23.532706,465.000000,0.000000,0.000000,0.053537,2.416362,
323,500,0.000000,0.000000,24.557134,849.125000,0.000000,0.000000,0.086505,1.028074,
324,500,0.743020,0.500000,27.446025,249.625000,0.000000,0.999813,0.106633,2.172318,
325,500,0.000000,1.000000,23.201398,457.250000,0.000000,0.000000,0.089140,1.690574,
326,500,0.000000,1.000000,25.461661,443.375000,0.000000,0.000000,0.099142,1.874318,
327,500,0.000000,1.000000,24.367903,630.750000,0.000000,0.000000,0.049365,0.469286,
328,500,-0.452057,0.875000,22.811818,437.625000,0.000000,0.999717,0.136572,1.543302,
329,500,0.000000,0.000000,24.243132,826.125000,0.000000,0.000000,0.066473,5.324875,
330,500,0.000000,0.000000,22.896177,845.750000,0.000000,0.000000,0.143261,0.360345,
331,500,0.000000,0.000000,24.562634,694.000000,0.000000,0.000000,0.393307,1.587117,
332,500,0.213216,0.875000,23.885521,618.250000,0.000000,0.999717,0.089359,0.769292,
333,500,0.000000,1.000000,24.276409,391.250000,0.000000,0.000000,0.047730,1.279359,
334,500,-0.401503,0.875000,25.772558,567.500000,0.000000,0.999717,0.060872,1.807636,
335,500,0.000000,0.000000,22.694593,495.000000,0.000000,0.000000,0.053094,1.244887,
336,500,0.000000,0.000000,25.572954,618.625000,0.000000,0.000000,0.100079,2.860246,
337,500,0.000000,1.000000,24.714880,314.250000,0.000000,0.000000,0.059661,2.994503,
338,500,0.000000,0.000000,24.080849,833.625000,0.000000,0.000000,0.159212,36.310108,
339,500,0.000000,1.000000,24.686440,410.250000,0.000000,0.000000,0.039137,0.905497,
340,500,-0.175968,0.875000,23.205351,463.750000,0.000000,0.999717,0.081820,0.882729,
341,500,0.000000,1.000000,25.326059,433.250000,0.000000,0.000000,0.056216,0.692394,
342,500,0.000000,0.000000,23.717183,894.625000,0.000000,0.000000,0.322659,0.243365,
343,500,0.000000,1.000000,26.158156,279.625000,0.000000,0.000000,0.067356,1.167727,
344,500,0.000000,1.000000,24.579554,346.625000,0.000000,0.000000,0.050186,0.939441,
345,500,-0.015650,0.750000,25.256258,429.125000,0.000000,0.999784,0.064768,0.943130,
346,500,0.001774,0.750000,26.146532,671.375000,0.000000,0.999784,0.280548,0.436555,
347,500,0.000000,1.000000,24.188972,442.000000,0.000000,0.000000,0.047372,1.083405,
348,500,0.000000,1.000000,24.198366,161.625000,0.000000,0.000000,0.066017,1.065208,
349,500,-2.131020,0.125000,23.659719,682.500000,0.000000,0.999717,0.091027,1.652447,
350,500,0.089304,0.875000,24.021855,242.000000,0.000000,0.999717,0.123148,0.960938,41.0
351,500,-0.333028,0.750000,23.845362,712.250000,0.000000,0.999784,0.156234,2.041685,
352,500,-4.436227,0.250000,23.803418,653.750000,0.000000,0.999784,0.061944,8.633198,
353,500,0.000000,0.000000,23.664091,1005.125000,0.000000,0.000000,0.103168,1.556851,
354,500,0.124599,0.500000,26.366246,456.125000,0.000000,0.999813,0.176174,0.231513,
355,500,0.000000,0.000000,23.705076,424.750000,0.000000,0.000000,0.089451,0.821702,
356,500,-0.205359,0.125000,21.033442,1019.125000,0.000000,0.999717,0.206109,0.712930,
357,500,0.149172,0.125000,22.291496,671.750000,0.000000,0.999717,0.249258,1.221076,
358,500,0.000000,1.000000,23.952427,317.125000,0.000000,0.000000,0.063830,1.315054,
359,500,0.000000,1.000000,24.795482,327.500000,0.000000,0.000000,0.094376,1.853101,
360,500,0.000000,0.000000,20.151942,530.375000,0.000000,0.000000,0.405530,1.550339,
361,500,0.000000,1.000000,24.388076,322.500000,0.000000,0.000000,0.138555,1.292333,
362,500,0.000000,1.000000,24.789527,334.375000,0.000000,0.000000,0.048856,1.267416,
363,500,0.000000,1.000000,24.500824,316.250000,0.000000,0.000000,0.055325,1.898764,
364,500,0.000000,1.000000,24.997674,338.500000,0.000000,0.000000,0.068755,0.716189,
365,500,0.175548,0.125000,25.145180,425.375000,0.000000,0.999717,0.071567,0.676339,
366,500,0.000000,1.000000,23.801508,474.375000,0.000000,0.000000,0.101000,1.488429,
367,500,0.000000,0.000000,22.468138,482.875000,0.000000,0.000000,0.111542,1.563945,
368,500,0.492890,0.125000,22.224529,597.250000,0.000000,0.999717,0.190987,1.992784,
369,500,0.672529,0.500000,22.114210,526.000000,0.000000,0.999813,0.095411,1.515883,
370,500,0.123085,0.250000,23.901175,748.000000,0.000000,0.999784,0.145840,0.636745,
371,500,0.000000,1.000000,24.444152,470.000000,0.000000,0.000000,0.069198,0.407000,
372,500,0.000000,1.000000,24.293264,209.500000,0.000000,0.000000,0.126648,1.066251,
373,500,0.000000,1.000000,24.611685,283.250000,0.000000,0.000000,0.090169,1.717894,
374,500,0.000000,1.000000,24.471631,407.875000,0.000000,0.000000,0.069198,0.731804,
375,500,0.000000,1.000000,24.625409,195.375000,0.000000,0.000000,0.082696,1.159889,
376,500,-0.009682,0.625000,24.969715,453.500000,0.000000,0.999807,0.153314,0.205880,
377,500,0.000000,1.000000,24.434246,151.000000,0.000000,0.000000,0.054320,1.182911,
378,500,0.000000,1.000000,24.244326,252.500000,0.000000,0.000000,0.077273,0.868253,
379,500,-0.433608,0.750000,23.771153,234.125000,0.000000,0.999784,0.265354,1.055092,
380,500,0.000000,1.000000,24.343137,174.000000,0.000000,0.000000,0.064759,0.516341,
381,500,0.000000,1.000000,23.465290,592.875000,0.000000,0.000000,0.243102,1.017156,
382,500,-0.587219,0.375000,25.987171,818.875000,0.000000,0.999807,0.207177,0.852662,
383,500,-0.092199,0.500000,25.554339,419.375000,0.000000,0.999813,0.173259,0.675251,
384,500,0.000000,1.000000,25.036625,354.000000,0.000000,0.000000,0.081989,1.369970,
385,500,0.000000,0.000000,23.890243,610.875000,0.000000,0.000000,0.438190,0.854439,
386,500,-0.199941,0.375000,25.135947,534.000000,0.000000,0.999807,0.153418,1.131255,
387,500,-1.620911,0.125000,23.166445,800.375000,0.000000,0.999717,0.267183,4.433895,
388,500,0.000000,1.000000,24.589268,216.875000,0.000000,0.000000,0.180169,2.225755,
389,500,-0.423758,0.500000,25.785068,500.250000,0.000000,0.999813,0.319368,3.357287,
390,500,-4.977872,0.375000,24.563060,416.500000,0.000000,0.999807,0.155520,13.052045,
391,500,0.000000,1.000000,24.509470,240.375000,0.000000,0.000000,0.036021,1.035859,
392,500,0.000000,0.000000,24.390550,179.625000,0.000000,0.000000,0.094065,0.653379,
393,500,0.000000,1.000000,24.052731,740.250000,0.000000,0.000000,0.068438,24.538010,
394,500,0.000000,1.000000,24.590701,330.375000,0.000000,0.000000,0.076325,1.237938,
395,500,0.000000,1.000000,24.452670,501.125000,0.000000,0.000000,0.063769,1.396209,
396,500,0.935704,0.750000,25.694060,482.125000,0.000000,0.999784,0.242548,2.762558,
397,500,-0.292533,0.875000,26.108724,548.250000,0.000000,0.999717,0.145875,0.984844,
398,500,0.000000,1.000000,24.070058,750.500000,0.000000,0.000000,0.099173,1.030851,
399,500,-0.691762,0.125000,23.799654,642.375000,0.000000,0.999717,0.084393,0.543687,
400,500,-1.081440,0.750000,23.445064,399.500000,0.000000,0.999784,0.058972,2.558555,41.8
401,500,0.000000,1.000000,24.011133,444.250000,0.000000,0.000000,0.115901,2.020407,
402,500,-0.047834,0.250000,23.308292,914.875000,0.000000,0.999784,0.114258,0.814927,
403,500,0.000000,0.000000,22.499713,439.000000,0.000000,0.000000,0.113711,1.057913,
404,500,0.000000,0.000000,24.598181,438.500000,0.000000,0.000000,0.049830,1.496753,
405,500,0.000000,0.000000,22.227984,663.000000,0.000000,0.000000,0.427310,1.977444,
406,500,0.000000,0.000000,24.622599,642.250000,0.000000,0.000000,0.178929,1.200303,
407,500,-0.477157,0.375000,24.377478,545.125000,0.000000,0.999807,0.110165,0.548959,
408,500,0.695851,0.625000,24.082037,498.625000,0.000000,0.999807,0.103410,5.996642,
409,500,0.000000,1.000000,22.797867,452.000000,0.000000,0.000000,0.086648,2.818147,
410,500,0.000000,0.000000,23.329373,967.500000,0.000000,0.000000,0.175028,1.593191,
411,500,0.000000,0.000000,26.580576,869.000000,0.000000,0.000000,0.134938,1.473089,
412,500,0.000000,1.000000,23.525193,452.125000,0.000000,0.000000,0.070798,1.275604,
413,500,-0.982431,0.500000,22.911701,359.500000,0.000000,0.999813,0.093532,1.654114,
414,500,0.000000,0.000000,20.012774,639.750000,0.000000,0.000000,0.097025,1.049448,
415,500,0.000000,1.000000,23.184872,502.750000,0.000000,0.000000,0.065719,1.618415,
416,500,-0.381303,0.125000,22.986373,835.000000,0.000000,0.999717,0.193489,1.233909,
417,500,0.000000,1.000000,24.125037,338.500000,0.000000,0.000000,0.093044,1.480684,
418,500,-0.494553,0.500000,24.019766,432.625000,0.000000,0.999813,0.183464,1.475182,
419,500,0.000000,1.000000,24.286180,425.875000,0.000000,0.000000,0.053464,1.164416,
420,500,0.091554,0.125000,21.515503,844.750000,0.000000,0.999717,0.270122,0.870525,
421,500,0.000000,1.000000,23.976173,325.375000,0.000000,0.000000,0.087337,1.430058,
422,500,-0.387569,0.750000,21.883337,503.000000,0.000000,0.999784,0.175147,1.514218,
423,500,0.000000,0.000000,23.986714,667.750000,0.000000,0.000000,0.048595,1.574073,
424,500,0.000000,1.000000,22.857019,237.250000,0.000000,0.000000,0.174406,2.022246,
425,500,-0.357364,0.875000,24.314279,277.875000,0.000000,0.999717,0.108017,1.196154,
426,500,0.000000,1.000000,22.819870,470.500000,0.000000,0.000000,0.192875,0.887910,
427,500,0.000000,1.000000,23.729999,247.875000,0.000000,0.000000,0.104711,1.031979,
428,500,0.000000,1.000000,24.420481,462.875000,0.000000,0.000000,0.074636,2.168865,
429,500,0.000000,1.000000,24.346231,317.500000,0.000000,0.000000,0.083459,0.478230,
430,500,-1.553277,0.750000,22.867862,320.375000,0.000000,0.999784,0.225329,3.814265,
431,500,-1.445974,0.625000,24.015485,481.375000,0.000000,0.999807,0.120831,2.326097,
432,500,-0.253586,0.500000,26.236837,654.125000,0.000000,0.999813,0.122281,0.935282,
433,500,0.000000,1.000000,23.762544,453.500000,0.000000,0.000000,0.053638,1.863029,
434,500,-0.264176,0.875000,24.457974,707.500000,0.000000,0.999717,0.127460,1.007286,
435,500,0.000000,0.000000,20.070569,617.875000,0.000000,0.000000,0.217129,1.742715,
436,500,0.000000,1.000000,24.412123,227.125000,0.000000,0.000000,0.030843,1.166475,
437,500,-0.011159,0.125000,24.613980,593.625000,0.000000,0.999717,0.080890,1.466824,
438,500,-0.438179,0.500000,21.662198,579.750000,0.000000,0.999813,0.122410,1.447973,
439,500,-0.214122,0.625000,22.815494,402.125000,0.000000,0.999807,0.096817,1.062017,
440,500,0.000000,1.000000,23.209068,492.875000,0.000000,0.000000,0.040785,0.900963,
441,500,0.000000,1.000000,24.633954,292.000000,0.000000,0.000000,0.064918,0.682742,
442,500,0.000000,1.000000,23.848818,256.250000,0.000000,0.000000,0.083954,0.776896,
443,500,-0.192391,0.750000,23.326523,542.375000,0.000000,0.999784,0.095455,0.429952,
444,500,-1.116066,0.625000,23.001903,587.750000,0.000000,0.999807,0.137450,2.222750,
445,500,0.000000,0.000000,22.963115,574.375000,0.000000,0.000000,0.162275,2.093286,
446,500,0.000000,1.000000,24.033262,367.000000,0.000000,0.000000,0.043311,0.783249,
447,500,0.000000,1.000000,25.039297,354.500000,0.000000,0.000000,0.072439,0.693277,
448,500,0.000000,0.000000,24.113187,780.875000,0.000000,0.000000,0.066348,1.403188,
449,500,0.000000,1.000000,24.429245,183.125000,0.000000,0.000000,0.073296,1.540341,
450,500,0.000000,1.000000,24.363424,171.000000,0.000000,0.000000,0.066502,0.278444,39.4
451,500,0.035448,0.625000,20.985002,496.375000,0.000000,0.999807,0.128269,0.644201,
452,500,0.000000,0.000000,25.610261,466.750000,0.000000,0.000000,0.089064,2.506245,
453,500,-0.193457,0.750000,25.030629,553.500000,0.000000,0.999784,0.129385,0.440254,
454,500,-0.528306,0.375000,23.495661,675.375000,0.000000,0.999807,0.204012,0.486175,
455,500,-0.162871,0.125000,23.477330,770.875000,0.000000,0.999717,0.350032,0.238614,
456,500,0.227934,0.125000,25.918155,432.875000,0.000000,0.999717,0.581090,0.937869,
457,500,0.000000,0.000000,22.625343,590.875000,0.000000,0.000000,0.542247,0.434303,
458,500,-3.447781,0.500000,24.272702,368.125000,0.000000,0.999813,0.102861,11.499572,
459,500,-3.369024,0.125000,23.912588,963.625000,0.000000,0.999717,0.253277,5.526979,
460,500,0.000000,0.000000,22.778775,324.875000,0.000000,0.000000,0.148285,0.930035,
461,500,0.000000,1.000000,23.967555,98.250000,0.000000,0.000000,0.075838,0.896625,
462,500,0.000000,0.000000,25.264873,480.125000,0.000000,0.000000,0.312680,0.695503,
463,500,0.000000,1.000000,23.380980,391.375000,0.000000,0.000000,0.114432,1.210537,
464,500,0.000000,0.000000,24.479646,406.875000,0.000000,0.000000,0.053239,1.263898,
465,500,0.000000,1.000000,26.198263,407.500000,0.000000,0.000000,0.149104,1.395932,
466,500,0.490849,0.500000,24.607233,599.250000,0.000000,0.999813,0.128689,0.620499,
467,500,0.000000,1.000000,24.890288,308.250000,0.000000,0.000000,0.263028,2.104945,
468,500,-0.249659,0.875000,23.959924,528.125000,0.000000,0.999717,0.346699,1.065042,
469,500,0.000000,1.000000,23.304376,447.250000,0.000000,0.000000,0.132159,0.644306,
470,500,-0.109688,0.500000,24.384771,547.375000,0.000000,0.999813,0.057134,0.622331,
471,500,0.813132,0.875000,24.274190,536.625000,0.000000,0.999717,0.106603,1.299971,
472,500,0.000000,0.000000,23.198405,648.750000,0.000000,0.000000,0.630265,0.979086,
473,500,0.000000,1.000000,24.597500,409.375000,0.000000,0.000000,0.047143,1.181772,
474,500,-0.065347,0.125000,24.415669,459.375000,0.000000,0.999717,0.086568,1.268373,
475,500,0.000000,1.000000,24.106433,626.375000,0.000000,0.000000,0.141424,0.899797,
476,500,-0.232340,0.875000,28.772711,464.375000,0.000000,0.999717,0.349143,0.665769,
477,500,0.626027,0.375000,25.563155,742.250000,0.000000,0.999807,0.588192,1.102681,
478,500,0.000000,1.000000,25.018544,501.875000,0.000000,0.000000,0.098672,3.635418,
479,500,0.206952,0.375000,26.846463,323.250000,0.000000,0.999807,0.574966,1.368888,
480,500,0.000000,1.000000,24.369268,449.000000,0.000000,0.000000,0.056192,0.727029,
481,500,-0.025237,0.500000,22.249777,724.625000,0.000000,0.999813,0.724927,0.046149,
482,500,-0.599007,0.500000,21.444638,618.000000,0.000000,0.999813,0.649486,0.818192,
483,500,0.000000,1.000000,25.424441,348.750000,0.000000,0.000000,0.137463,2.538625,
484,500,0.000000,1.000000,23.347585,237.250000,0.000000,0.000000,0.152097,2.258520,
485,500,-0.237545,0.125000,22.492271,826.250000,0.000000,0.999717,1.734226,0.149517,
486,500,0.000000,1.000000,23.864541,201.000000,0.000000,0.000000,0.065584,1.012215,
487,500,0.768246,0.375000,20.547652,693.750000,0.000000,0.999807,0.783522,3.394884,
488,500,0.000000,0.000000,25.512268,841.000000,0.000000,0.000000,1.432945,0.020282,
489,500,0.000000,1.000000,25.134885,329.000000,0.000000,0.000000,0.093004,1.588445,
490,500,-0.165276,0.500000,26.622974,652.875000,0.000000,0.999813,0.742879,0.180338,
491,500,0.000000,1.000000,21.180207,279.250000,0.000000,0.000000,0.117388,0.962844,
492,500,0.000000,1.000000,23.801999,319.500000,0.000000,0.000000,0.053806,0.670778,
493,500,0.000000,1.000000,26.411832,584.125000,0.000000,0.000000,0.321347,1.428371,
494,500,0.000000,0.000000,21.737373,775.500000,0.000000,0.000000,3.456907,0.150166,
495,500,-0.634463,0.125000,22.634804,691.500000,0.000000,0.999717,0.522762,1.541114,
496,500,0.000000,1.000000,24.639468,263.000000,0.000000,0.000000,0.131650,1.150486,
497,500,0.000000,1.000000,24.564320,373.000000,0.000000,0.000000,0.071180,1.361551,
498,500,-0.237656,0.125000,24.169137,411.625000,0.000000,0.999717,0.374330,1.406691,
499,500,0.000000,1.000000,24.026463,238.750000,0.000000,0.000000,0.108715,0.769505,
500,500,-0.122519,0.875000,24.350100,415.625000,0.000000,0.999717,0.142097,2.128601,41.6