step,total_steps,loss,kl_loss,policy_ratio,reward_avg,tokens_per_sec,avg_response_len,adv_avg,adv_std,entropy_avg,eval_acc
1,500,-0.787370,-0.096710,0.282757,0.125000,29.850303,38.375000,0.000000,0.999717,1.268579,15.6
2,500,0.475104,0.069140,2.587978,0.125000,22.978657,797.125000,0.000000,0.999717,0.296612,
3,500,-0.142918,0.041895,1.911936,0.500000,22.522810,96.750000,0.000000,0.999813,0.314139,
4,500,0.286160,0.025070,0.261316,0.875000,22.782451,184.000000,0.000000,0.999717,0.078636,
5,500,0.041232,0.075477,0.836900,0.125000,24.303874,314.250000,0.000000,0.999717,0.162800,
6,500,0.243577,0.218641,3.478967,0.875000,26.665547,389.625000,0.000000,0.999717,0.184355,
7,500,0.161173,0.161173,0.649954,0.000000,22.934336,942.875000,0.000000,0.000000,0.205846,
8,500,0.136236,0.136236,0.669173,1.000000,25.022303,202.625000,0.000000,0.000000,0.211671,
9,500,0.041671,0.041671,0.366816,0.000000,23.896235,591.000000,0.000000,0.000000,0.412356,
10,500,0.103409,0.103409,0.186751,0.000000,26.243764,458.375000,0.000000,0.000000,0.200131,
11,500,0.139753,0.072066,0.230014,0.750000,23.512831,198.500000,0.000000,0.999784,0.225253,
12,500,-0.004946,-0.004946,0.157008,0.000000,23.915985,266.000000,0.000000,0.000000,0.244503,
13,500,-0.159492,-0.159492,0.175169,0.000000,25.601623,235.375000,0.000000,0.000000,0.638875,
14,500,-0.064983,-0.075643,0.077512,0.875000,24.111559,262.125000,0.000000,0.999717,0.418799,
15,500,0.206158,-0.032047,0.326064,0.875000,24.320478,160.375000,0.000000,0.999717,0.370237,
16,500,-0.010646,-0.053659,0.411219,0.625000,20.204589,252.625000,0.000000,0.999807,0.841823,
17,500,-0.072442,-0.072442,0.041579,0.000000,24.048035,742.250000,0.000000,0.000000,0.799857,
18,500,-0.133186,-0.067420,0.275244,0.375000,27.782360,286.625000,0.000000,0.999807,0.850418,
19,500,-0.088186,-0.055683,0.639753,0.750000,26.063952,251.000000,0.000000,0.999784,0.685815,
20,500,-0.253673,-0.253673,0.600384,0.000000,16.760153,255.750000,0.000000,0.000000,0.964269,
21,500,0.035232,0.035232,0.804731,0.000000,25.390444,370.375000,0.000000,0.000000,0.743533,
22,500,-0.247800,-0.223487,0.096835,0.125000,22.792872,602.000000,0.000000,0.999717,0.694699,
23,500,-0.254700,-0.254700,0.058550,0.000000,23.388156,625.250000,0.000000,0.000000,1.357100,
24,500,-0.429775,-0.429775,0.054563,0.000000,24.426472,754.625000,0.000000,0.000000,1.087732,
25,500,0.265872,0.247627,0.088367,0.625000,23.611354,490.375000,0.000000,0.999807,0.769961,
26,500,-0.280795,-0.285534,0.188325,0.250000,28.797205,457.625000,0.000000,0.999784,1.164408,
27,500,0.101476,0.199316,0.324229,0.375000,22.398323,478.500000,0.000000,0.999807,1.772386,
28,500,-0.833847,0.163911,3.646056,0.500000,28.939462,356.125000,0.000000,0.999813,1.477835,
29,500,0.025101,0.025101,0.178871,0.000000,24.063195,896.000000,0.000000,0.000000,1.686289,
30,500,0.251714,0.253420,0.847479,0.625000,22.020679,555.750000,0.000000,0.999807,1.200121,
31,500,-0.273773,0.090187,1.347350,0.500000,27.900486,331.125000,0.000000,0.999813,1.013964,
32,500,0.588905,0.289518,2.693877,0.750000,22.146366,309.375000,0.000000,0.999784,0.952763,
33,500,-0.441348,0.164200,1.677740,0.750000,26.253223,455.750000,0.000000,0.999784,0.972838,
34,500,-0.439764,0.138144,1.635150,0.875000,23.855184,359.500000,0.000000,0.999717,1.017415,
35,500,-0.153080,0.267331,2.127458,0.375000,27.017486,497.875000,0.000000,0.999807,1.359975,
36,500,-0.068016,-0.068016,0.203657,0.000000,17.945877,537.125000,0.000000,0.000000,2.696386,
37,500,0.080495,0.238268,1.446373,0.875000,20.640074,220.250000,0.000000,0.999717,0.456125,
38,500,-0.449313,0.079181,1.978793,0.750000,21.635204,80.125000,0.000000,0.999784,0.424969,
39,500,-0.120854,-0.120854,1.455248,0.000000,22.496532,592.000000,0.000000,0.000000,2.860920,
40,500,-0.896404,0.410557,3.420545,0.750000,22.374916,234.750000,0.000000,0.999784,0.514960,
41,500,-2.404778,0.228364,13.124432,0.875000,25.873849,230.875000,0.000000,0.999717,0.389383,
42,500,-1.835774,0.082521,4.091332,0.250000,16.969255,150.875000,0.000000,0.999784,0.266846,
43,500,-0.810399,0.498180,9.207998,0.500000,25.867357,506.250000,0.000000,0.999813,2.177908,
44,500,0.409052,0.231164,2.825632,0.625000,24.268747,535.500000,0.000000,0.999807,0.235211,
45,500,0.146914,0.146914,2.417215,1.000000,30.006345,186.500000,0.000000,0.000000,0.149932,
46,500,0.284237,0.284237,0.974793,1.000000,24.496669,199.250000,0.000000,0.000000,0.360854,
47,500,0.030047,0.230154,0.774650,0.750000,24.483349,407.625000,0.000000,0.999784,0.312470,
48,500,0.211581,0.211581,1.536931,1.000000,26.163318,260.375000,0.000000,0.000000,0.199295,
49,500,0.414627,0.414627,0.321774,0.000000,24.233945,516.375000,0.000000,0.000000,2.019226,
50,500,0.129368,0.129368,0.298156,0.000000,25.537456,369.500000,0.000000,0.000000,1.217076,40.8
51,500,0.331815,0.139354,0.643556,0.750000,18.931977,169.250000,0.000000,0.999784,0.228490,
52,500,0.261231,0.365231,0.085412,0.250000,19.620205,709.000000,0.000000,0.999784,4.746785,
53,500,0.250833,0.250833,0.340517,1.000000,24.201799,211.375000,0.000000,0.000000,0.334871,
54,500,0.097846,0.132365,0.226008,0.875000,23.672053,291.500000,0.000000,0.999717,0.299011,
55,500,0.290669,0.087942,0.390640,0.500000,26.132177,295.500000,0.000000,0.999813,0.435252,
56,500,0.217224,0.217224,0.236366,0.000000,27.547378,237.250000,0.000000,0.000000,1.506199,
57,500,-0.677399,-0.690159,0.109383,0.125000,21.134880,494.125000,0.000000,0.999717,3.472516,
58,500,-0.005910,-0.005910,0.130642,0.000000,21.296148,639.125000,0.000000,0.000000,5.816235,
59,500,0.221028,0.221028,0.250214,0.000000,25.869541,537.750000,0.000000,0.000000,4.671577,
60,500,-0.637156,-0.637156,0.000276,0.000000,22.833877,739.500000,0.000000,0.000000,7.133334,
61,500,-0.570211,-0.570211,0.220973,0.000000,23.143935,668.125000,0.000000,0.000000,6.880944,
62,500,2.128546,2.128546,0.072211,0.000000,27.927966,712.625000,0.000000,0.000000,8.502167,
63,500,5.238755,5.238755,0.250000,0.000000,21.503518,768.000000,0.000000,0.000000,7.216448,
64,500,2.828641,2.828641,0.327122,0.000000,25.038880,351.625000,0.000000,0.000000,5.785604,
65,500,6.072835,6.072835,0.208437,0.000000,22.809808,543.625000,0.000000,0.000000,7.884454,
66,500,8.513646,8.513646,0.000000,0.000000,24.484496,975.125000,0.000000,0.000000,10.494161,
67,500,7.664434,7.664434,0.027652,0.000000,23.425484,898.000000,0.000000,0.000000,10.232030,
68,500,7.024203,7.024203,0.122752,0.000000,23.348608,896.125000,0.000000,0.000000,10.477352,
69,500,6.729709,6.729709,0.000003,0.000000,23.618230,911.750000,0.000000,0.000000,10.594857,
70,500,9.237312,9.237312,0.056707,0.000000,23.597560,898.000000,0.000000,0.000000,10.548836,
71,500,17.380829,17.380829,0.000000,0.000000,23.408621,1024.000000,0.000000,0.000000,11.096266,
72,500,17.116117,17.116117,0.000000,0.000000,25.007605,942.750000,0.000000,0.000000,11.358342,
73,500,20.646275,20.646275,0.125000,0.000000,21.915650,896.000000,0.000000,0.000000,10.091187,
74,500,25.456371,25.456371,0.000002,0.000000,24.659899,988.250000,0.000000,0.000000,11.547409,
75,500,24.247972,24.247972,0.000000,0.000000,22.058705,1024.000000,0.000000,0.000000,11.585669,
76,500,25.825924,25.825924,0.000000,0.000000,23.553035,1024.000000,0.000000,0.000000,11.673130,
77,500,24.900900,24.900900,0.000004,0.000000,27.056424,1024.000000,0.000000,0.000000,11.730650,
78,500,24.473505,24.473505,0.006246,0.000000,23.563707,1024.000000,0.000000,0.000000,11.735601,
79,500,23.014561,23.014561,0.001291,0.000000,22.709276,962.750000,0.000000,0.000000,11.758393,
80,500,23.622444,23.622444,0.000174,0.000000,23.103821,1024.000000,0.000000,0.000000,11.773355,
81,500,25.182470,25.182470,0.029690,0.000000,23.460320,1024.000000,0.000000,0.000000,11.792542,
82,500,26.339050,26.339050,0.007525,0.000000,23.512231,1024.000000,0.000000,0.000000,11.808819,
83,500,26.707371,26.707371,0.001141,0.000000,23.442847,1024.000000,0.000000,0.000000,11.822757,
84,500,26.392502,26.392502,0.001514,0.000000,23.429337,1024.000000,0.000000,0.000000,11.838817,
85,500,26.596588,26.596588,0.085561,0.000000,23.460275,1024.000000,0.000000,0.000000,11.848934,
86,500,26.080690,26.080690,0.571932,0.000000,23.491090,1024.000000,0.000000,0.000000,11.849340,
87,500,25.812319,25.812319,0.305377,0.000000,23.431718,1024.000000,0.000000,0.000000,11.846802,
88,500,26.061594,26.061594,0.024549,0.000000,23.457430,1024.000000,0.000000,0.000000,11.846308,
89,500,25.763014,25.763014,0.002414,0.000000,23.160707,1024.000000,0.000000,0.000000,11.860454,
90,500,27.184782,27.184782,0.087969,0.000000,23.143378,1024.000000,0.000000,0.000000,11.872528,
91,500,27.165810,27.165810,0.663518,0.000000,23.206744,1024.000000,0.000000,0.000000,11.876219,
92,500,25.519218,25.519218,1.084573,0.000000,22.775160,963.625000,0.000000,0.000000,11.875590,
93,500,26.739323,26.739323,0.450786,0.000000,23.513171,1024.000000,0.000000,0.000000,11.875484,
94,500,26.653725,26.653725,0.063447,0.000000,23.426745,1024.000000,0.000000,0.000000,11.878208,
95,500,26.743093,26.743093,0.027768,0.000000,23.639001,1024.000000,0.000000,0.000000,11.885649,
96,500,25.650330,25.650330,1.116206,0.000000,24.307824,1024.000000,0.000000,0.000000,11.886265,
97,500,25.619616,25.619616,1.084575,0.000000,23.633083,1024.000000,0.000000,0.000000,11.883902,
98,500,24.794935,24.794935,0.201218,0.000000,23.422412,1024.000000,0.000000,0.000000,11.886458,
99,500,25.509924,25.509924,0.076538,0.000000,23.433246,1024.000000,0.000000,0.000000,11.891459,
100,500,25.351963,25.351963,0.353202,0.000000,23.422482,1024.000000,0.000000,0.000000,11.893954,0.0
101,500,26.067505,26.067505,0.425911,0.000000,23.452228,1024.000000,0.000000,0.000000,11.894954,
102,500,26.555939,26.555939,0.241667,0.000000,23.570181,1024.000000,0.000000,0.000000,11.896851,
103,500,28.317089,28.317089,1.269593,0.000000,23.545793,1024.000000,0.000000,0.000000,11.895473,
104,500,27.339094,27.339094,0.386876,0.000000,23.573019,1024.000000,0.000000,0.000000,11.893398,
105,500,27.484293,27.484293,0.142379,0.000000,23.449897,1024.000000,0.000000,0.000000,11.894214,
106,500,27.377939,27.377939,0.200276,0.000000,23.614222,1024.000000,0.000000,0.000000,11.899604,
107,500,24.569679,24.569679,0.861166,0.000000,23.437651,1024.000000,0.000000,0.000000,11.899557,
108,500,25.793310,25.793310,0.428753,0.000000,23.350038,1024.000000,0.000000,0.000000,11.899216,
109,500,25.951838,25.951838,0.301297,0.000000,23.483924,1024.000000,0.000000,0.000000,11.901880,
110,500,25.585413,25.585413,1.274899,0.000000,23.393659,1024.000000,0.000000,0.000000,11.901702,
111,500,25.857750,25.857750,0.733297,0.000000,23.516189,1024.000000,0.000000,0.000000,11.899155,
112,500,26.247463,26.247463,0.112679,0.000000,23.433668,1024.000000,0.000000,0.000000,11.901219,
113,500,26.361916,26.361916,1.947280,0.000000,23.523379,1024.000000,0.000000,0.000000,11.906254,
114,500,26.133097,26.133097,1.046901,0.000000,23.490036,1024.000000,0.000000,0.000000,11.906958,
115,500,25.895754,25.895754,0.510414,0.000000,23.581246,1024.000000,0.000000,0.000000,11.906196,
116,500,27.255049,27.255049,0.184461,0.000000,23.544801,1024.000000,0.000000,0.000000,11.907791,
117,500,26.922905,26.922905,0.362468,0.000000,23.459172,1024.000000,0.000000,0.000000,11.908833,
118,500,26.258598,26.258598,2.018671,0.000000,23.505756,1024.000000,0.000000,0.000000,11.906487,
119,500,25.909088,25.909088,0.417682,0.000000,21.799554,1024.000000,0.000000,0.000000,11.903747,
120,500,26.565914,26.565914,0.209514,0.000000,23.483489,1024.000000,0.000000,0.000000,11.905519,
121,500,26.685593,26.685593,0.278955,0.000000,23.483225,1024.000000,0.000000,0.000000,11.910235,
122,500,26.342838,26.342838,1.026676,0.000000,23.415764,1024.000000,0.000000,0.000000,11.911035,
123,500,25.660622,25.660622,4.570351,0.000000,23.319282,1024.000000,0.000000,0.000000,11.906767,
124,500,25.593266,25.593266,0.322479,0.000000,23.670050,1024.000000,0.000000,0.000000,11.907737,
125,500,26.472178,26.472178,0.060987,0.000000,23.355765,1024.000000,0.000000,0.000000,11.910155,
126,500,26.538872,26.538872,0.904753,0.000000,23.397200,1024.000000,0.000000,0.000000,11.913286,
127,500,27.106884,27.106884,1.604241,0.000000,23.401973,1024.000000,0.000000,0.000000,11.911987,
128,500,27.267717,27.267717,1.490638,0.000000,23.573099,1024.000000,0.000000,0.000000,11.908021,
129,500,27.403210,27.403210,0.555339,0.000000,23.436807,1024.000000,0.000000,0.000000,11.909951,
130,500,26.704809,26.704809,0.142531,0.000000,23.604988,1024.000000,0.000000,0.000000,11.911291,
131,500,25.916010,25.916010,0.608060,0.000000,23.552652,1024.000000,0.000000,0.000000,11.914433,
132,500,25.451775,25.451775,3.071008,0.000000,23.436659,1024.000000,0.000000,0.000000,11.912192,
133,500,26.248703,26.248703,0.538696,0.000000,23.466980,1024.000000,0.000000,0.000000,11.912262,
134,500,25.640688,25.640688,0.255751,0.000000,23.551825,1024.000000,0.000000,0.000000,11.913996,
135,500,26.667284,26.667284,0.188278,0.000000,23.976745,1024.000000,0.000000,0.000000,11.915672,
136,500,26.611132,26.611132,2.517098,0.000000,23.522280,1024.000000,0.000000,0.000000,11.914060,
137,500,26.798977,26.798977,1.428041,0.000000,23.478011,1024.000000,0.000000,0.000000,11.913464,
138,500,25.831787,25.831787,0.390185,0.000000,22.675520,955.625000,0.000000,0.000000,11.912470,
139,500,26.537443,26.537443,0.255410,0.000000,23.513856,1024.000000,0.000000,0.000000,11.915705,
140,500,27.346540,27.346540,0.261824,0.000000,23.596350,1024.000000,0.000000,0.000000,11.916925,
141,500,26.381609,26.381609,4.801212,0.000000,23.452752,1024.000000,0.000000,0.000000,11.915518,
142,500,25.081717,25.081717,0.760508,0.000000,23.504469,1024.000000,0.000000,0.000000,11.914342,
143,500,26.381447,26.381447,0.300404,0.000000,23.376769,1024.000000,0.000000,0.000000,11.915188,
144,500,26.268681,26.268681,0.245986,0.000000,23.538556,1024.000000,0.000000,0.000000,11.917376,
145,500,25.808014,25.808014,2.292598,0.000000,23.479591,1024.000000,0.000000,0.000000,11.916802,
146,500,27.371592,27.371592,1.076936,0.000000,23.322343,1024.000000,0.000000,0.000000,11.915960,
147,500,26.426016,26.426016,0.637525,0.000000,23.483654,1024.000000,0.000000,0.000000,11.914095,
148,500,26.881388,26.881388,0.469383,0.000000,23.594071,1024.000000,0.000000,0.000000,11.916680,
149,500,26.296560,26.296560,0.568683,0.000000,23.332037,1000.625000,0.000000,0.000000,11.918056,
150,500,26.821951,26.821951,1.143212,0.000000,23.378524,1024.000000,0.000000,0.000000,11.918291,0.0
151,500,26.163065,26.163065,0.707626,0.000000,23.587298,1024.000000,0.000000,0.000000,11.918097,
152,500,25.673798,25.673798,0.588536,0.000000,23.624492,1024.000000,0.000000,0.000000,11.918601,
153,500,25.968159,25.968159,0.765763,0.000000,23.602790,1024.000000,0.000000,0.000000,11.918944,
154,500,26.076122,26.076122,1.063977,0.000000,23.396838,1024.000000,0.000000,0.000000,11.918557,
155,500,26.977762,26.977762,0.916680,0.000000,23.433395,1024.000000,0.000000,0.000000,11.917665,
156,500,27.151537,27.151537,0.555032,0.000000,23.502304,1024.000000,0.000000,0.000000,11.917042,
157,500,26.679518,26.679518,0.368382,0.000000,23.599729,1024.000000,0.000000,0.000000,11.918444,
158,500,26.311028,26.311028,0.966130,0.000000,23.510577,1024.000000,0.000000,0.000000,11.919657,
159,500,26.632250,26.632250,0.702439,0.000000,23.348948,1024.000000,0.000000,0.000000,11.919937,
160,500,26.010368,26.010368,0.860093,0.000000,23.533608,1024.000000,0.000000,0.000000,11.920347,
161,500,26.043137,26.043137,0.700685,0.000000,23.618291,1024.000000,0.000000,0.000000,11.920370,
162,500,26.246975,26.246975,0.760366,0.000000,23.644328,1024.000000,0.000000,0.000000,11.920328,
163,500,26.108427,26.108427,0.567602,0.000000,23.549483,1024.000000,0.000000,0.000000,11.920166,
164,500,27.067719,27.067719,0.757294,0.000000,23.511469,1024.000000,0.000000,0.000000,11.919559,
165,500,27.925184,27.925184,0.761235,0.000000,24.246085,1024.000000,0.000000,0.000000,11.919891,
166,500,27.182167,27.182167,0.438690,0.000000,23.595432,1024.000000,0.000000,0.000000,11.920338,
167,500,26.212301,26.212301,0.809017,0.000000,23.522373,1024.000000,0.000000,0.000000,11.921218,
168,500,26.984098,26.984098,0.921671,0.000000,23.430303,1024.000000,0.000000,0.000000,11.921000,
169,500,26.674929,26.674929,0.825315,0.000000,23.469309,1024.000000,0.000000,0.000000,11.920292,
170,500,26.422123,26.422123,0.546828,0.000000,23.493104,1024.000000,0.000000,0.000000,11.920062,
171,500,26.615175,26.615175,0.427057,0.000000,23.587769,1024.000000,0.000000,0.000000,11.921145,
172,500,26.592966,26.592966,0.941985,0.000000,23.324748,1024.000000,0.000000,0.000000,11.921158,
173,500,27.001869,27.001869,1.432108,0.000000,23.391065,1024.000000,0.000000,0.000000,11.921384,
174,500,27.490995,27.490995,0.468049,0.000000,23.452470,1024.000000,0.000000,0.000000,11.920865,
175,500,27.168633,27.168633,0.236412,0.000000,23.482611,1024.000000,0.000000,0.000000,11.921284,
176,500,24.571079,24.571079,1.004437,0.000000,22.489471,932.000000,0.000000,0.000000,11.922329,
177,500,26.061668,26.061668,1.975211,0.000000,23.307066,1024.000000,0.000000,0.000000,11.920829,
178,500,26.489216,26.489216,0.961397,0.000000,23.619235,1024.000000,0.000000,0.000000,11.920563,
179,500,26.509733,26.509733,0.360104,0.000000,23.545648,1024.000000,0.000000,0.000000,11.920809,
180,500,26.177114,26.177114,0.542605,0.000000,23.487967,1024.000000,0.000000,0.000000,11.922232,
181,500,27.031111,27.031111,0.980906,0.000000,23.586498,1024.000000,0.000000,0.000000,11.922630,
182,500,26.456966,26.456966,1.119220,0.000000,23.640591,1024.000000,0.000000,0.000000,11.922453,
183,500,27.177334,27.177334,0.919605,0.000000,23.441336,1024.000000,0.000000,0.000000,11.922296,
184,500,27.273689,27.273689,0.471513,0.000000,23.479508,1024.000000,0.000000,0.000000,11.922848,
185,500,26.955456,26.955456,1.063636,0.000000,23.307693,1024.000000,0.000000,0.000000,11.922917,
186,500,26.009626,26.009626,1.008417,0.000000,23.396607,1015.250000,0.000000,0.000000,11.922886,
187,500,26.036299,26.036299,0.738864,0.000000,23.425383,1024.000000,0.000000,0.000000,11.922375,
188,500,26.316982,26.316982,0.511294,0.000000,23.489376,1024.000000,0.000000,0.000000,11.922750,
189,500,26.799152,26.799152,1.145083,0.000000,23.339453,1024.000000,0.000000,0.000000,11.923167,
190,500,27.136269,27.136269,0.848334,0.000000,23.476618,1024.000000,0.000000,0.000000,11.922701,
191,500,26.828781,26.828781,0.790575,0.000000,23.287950,1024.000000,0.000000,0.000000,11.922897,
192,500,26.704355,26.704355,0.371240,0.000000,20.737869,1024.000000,0.000000,0.000000,11.921263,
193,500,27.465366,27.465366,1.000755,0.000000,23.371387,1024.000000,0.000000,0.000000,11.923662,
194,500,27.037836,27.037836,1.001283,0.000000,23.361574,1024.000000,0.000000,0.000000,11.923546,
195,500,26.220829,26.220829,0.739130,0.000000,23.658854,1024.000000,0.000000,0.000000,11.923713,
196,500,26.240194,26.240194,0.929839,0.000000,23.539296,1024.000000,0.000000,0.000000,11.924046,
197,500,26.158587,26.158587,1.066814,0.000000,23.919621,1024.000000,0.000000,0.000000,11.924110,
198,500,25.469982,25.469982,0.790139,0.000000,23.488514,1024.000000,0.000000,0.000000,11.923963,
199,500,24.904655,24.904655,0.973024,0.000000,22.917035,968.625000,0.000000,0.000000,11.924240,
200,500,26.949718,26.949718,0.494610,0.000000,23.450350,1024.000000,0.000000,0.000000,11.924395,0.0
201,500,26.214272,26.214272,1.214995,0.000000,23.589637,1024.000000,0.000000,0.000000,11.924212,
202,500,27.061253,27.061253,1.100335,0.000000,23.463180,1024.000000,0.000000,0.000000,11.923701,
203,500,27.217890,27.217890,0.679870,0.000000,23.552490,1024.000000,0.000000,0.000000,11.923853,
204,500,27.959618,27.959618,0.509434,0.000000,23.390696,1024.000000,0.000000,0.000000,11.924397,
205,500,26.265324,26.265324,1.622510,0.000000,23.620769,1024.000000,0.000000,0.000000,11.924708,
206,500,26.746782,26.746782,1.028322,0.000000,23.543057,1024.000000,0.000000,0.000000,11.924287,
207,500,25.836678,25.836678,0.762627,0.000000,23.623655,1024.000000,0.000000,0.000000,11.924456,
208,500,26.759176,26.759176,0.675583,0.000000,23.474288,1024.000000,0.000000,0.000000,11.924451,
209,500,25.953571,25.953571,1.006456,0.000000,23.429111,1024.000000,0.000000,0.000000,11.924528,
210,500,26.974628,26.974628,0.718048,0.000000,23.624013,1024.000000,0.000000,0.000000,11.924400,
211,500,27.342049,27.342049,0.615456,0.000000,23.547561,1024.000000,0.000000,0.000000,11.924422,
212,500,27.803705,27.803705,0.652910,0.000000,23.536166,1024.000000,0.000000,0.000000,11.924829,
213,500,26.885132,26.885132,1.439719,0.000000,23.661148,1024.000000,0.000000,0.000000,11.924740,
214,500,26.638725,26.638725,0.965253,0.000000,23.440508,1024.000000,0.000000,0.000000,11.924783,
215,500,27.289570,27.289570,0.570685,0.000000,23.457490,1024.000000,0.000000,0.000000,11.924994,
216,500,24.257271,24.257271,0.905919,0.000000,22.339033,930.875000,0.000000,0.000000,11.924789,
217,500,25.393867,25.393867,1.208402,0.000000,22.894675,980.625000,0.000000,0.000000,11.924336,
218,500,26.648630,26.648630,0.858836,0.000000,23.443319,1024.000000,0.000000,0.000000,11.923931,
219,500,27.032011,27.032011,0.398056,0.000000,23.226554,1024.000000,0.000000,0.000000,11.924380,
220,500,26.149086,26.149086,0.587913,0.000000,23.492010,1024.000000,0.000000,0.000000,11.924997,
221,500,26.685165,26.685165,1.483746,0.000000,23.359378,1024.000000,0.000000,0.000000,11.924747,
222,500,27.091125,27.091125,0.678217,0.000000,23.508662,1024.000000,0.000000,0.000000,11.924797,
223,500,27.747562,27.747562,0.386895,0.000000,23.441220,1024.000000,0.000000,0.000000,11.925275,
224,500,26.552025,26.552025,0.752485,0.000000,23.373634,1024.000000,0.000000,0.000000,11.925520,
225,500,27.503544,27.503544,3.215900,0.000000,23.414746,1024.000000,0.000000,0.000000,11.924005,
226,500,27.243216,27.243216,0.700633,0.000000,23.351731,1024.000000,0.000000,0.000000,11.922686,
227,500,27.349340,27.349340,0.249120,0.000000,23.502088,1024.000000,0.000000,0.000000,11.923469,
228,500,26.896431,26.896431,0.320846,0.000000,23.496923,1024.000000,0.000000,0.000000,11.924660,
229,500,26.898186,26.898186,1.204114,0.000000,23.243451,1024.000000,0.000000,0.000000,11.925468,
230,500,26.669359,26.669359,1.757549,0.000000,23.375602,1024.000000,0.000000,0.000000,11.925241,
231,500,26.390852,26.390852,1.009441,0.000000,23.476997,1024.000000,0.000000,0.000000,11.925026,
232,500,25.916220,25.916220,0.449272,0.000000,23.381313,1024.000000,0.000000,0.000000,11.925101,
233,500,26.429277,26.429277,0.352106,0.000000,23.444234,1024.000000,0.000000,0.000000,11.925714,
234,500,26.697512,26.697512,1.196652,0.000000,23.526743,1024.000000,0.000000,0.000000,11.925354,
235,500,26.231947,26.231947,0.993936,0.000000,23.481407,1024.000000,0.000000,0.000000,11.924763,
236,500,27.374186,27.374186,0.667172,0.000000,23.485055,1024.000000,0.000000,0.000000,11.924514,
237,500,26.856728,26.856728,0.488347,0.000000,23.396094,1024.000000,0.000000,0.000000,11.924924,
238,500,27.617123,27.617123,1.066650,0.000000,23.524167,1024.000000,0.000000,0.000000,11.925449,
239,500,27.084146,27.084146,0.853987,0.000000,23.393089,1024.000000,0.000000,0.000000,11.925373,
240,500,27.334658,27.334658,1.029349,0.000000,23.522541,1024.000000,0.000000,0.000000,11.925449,
241,500,26.720549,26.720549,0.803678,0.000000,23.546148,1024.000000,0.000000,0.000000,11.925769,
242,500,26.392365,26.392365,1.021611,0.000000,23.537561,1024.000000,0.000000,0.000000,11.925554,
243,500,26.043770,26.043770,1.181468,0.000000,23.433117,1024.000000,0.000000,0.000000,11.925061,
244,500,26.327526,26.327526,0.631738,0.000000,23.333185,1024.000000,0.000000,0.000000,11.924939,
245,500,26.732758,26.732758,0.507554,0.000000,23.473911,1024.000000,0.000000,0.000000,11.925688,
246,500,26.883593,26.883593,0.914242,0.000000,23.554042,1024.000000,0.000000,0.000000,11.925994,
247,500,26.459221,26.459221,1.648632,0.000000,23.220569,1024.000000,0.000000,0.000000,11.925919,
248,500,28.099640,28.099640,0.902696,0.000000,23.644603,1024.000000,0.000000,0.000000,11.925247,
249,500,27.969414,27.969414,0.349886,0.000000,23.539873,1024.000000,0.000000,0.000000,11.925596,
250,500,27.099630,27.099630,0.639760,0.000000,23.523754,1024.000000,0.000000,0.000000,11.926128,0.0
251,500,26.414619,26.414619,1.520026,0.000000,23.421625,1024.000000,0.000000,0.000000,11.925611,
252,500,27.028776,27.028776,0.875119,0.000000,25.192207,1024.000000,0.000000,0.000000,11.924825,
253,500,26.901474,26.901474,0.391364,0.000000,23.607237,1024.000000,0.000000,0.000000,11.925156,
254,500,26.369638,26.369638,0.442264,0.000000,23.738245,1024.000000,0.000000,0.000000,11.925871,
255,500,27.555691,27.555691,1.092327,0.000000,23.581844,1024.000000,0.000000,0.000000,11.926311,
256,500,27.015482,27.015482,1.129801,0.000000,23.574528,1024.000000,0.000000,0.000000,11.925743,
257,500,27.584175,27.584175,0.693946,0.000000,23.605226,1024.000000,0.000000,0.000000,11.925620,
258,500,27.020643,27.020643,0.476527,0.000000,23.343623,1024.000000,0.000000,0.000000,11.925993,
259,500,27.222595,27.222595,0.830472,0.000000,21.551907,1024.000000,0.000000,0.000000,11.925783,
260,500,26.588720,26.588720,2.785112,0.000000,23.536419,1024.000000,0.000000,0.000000,11.925740,
261,500,26.797007,26.797007,0.868483,0.000000,23.540552,1024.000000,0.000000,0.000000,11.925063,
262,500,26.361319,26.361319,0.364201,0.000000,23.457553,1024.000000,0.000000,0.000000,11.925278,
263,500,27.089977,27.089977,0.587568,0.000000,23.395509,1024.000000,0.000000,0.000000,11.926208,
264,500,27.254425,27.254425,1.737645,0.000000,23.477752,1024.000000,0.000000,0.000000,11.926314,
265,500,27.925879,27.925879,1.098377,0.000000,23.431226,1024.000000,0.000000,0.000000,11.925984,
266,500,27.934814,27.934814,0.670138,0.000000,23.549007,1024.000000,0.000000,0.000000,11.926175,
267,500,27.661411,27.661411,0.556374,0.000000,23.466777,1024.000000,0.000000,0.000000,11.926584,
268,500,26.670439,26.670439,1.127322,0.000000,23.501359,1024.000000,0.000000,0.000000,11.926289,
269,500,26.555237,26.555237,0.856966,0.000000,23.607198,1024.000000,0.000000,0.000000,11.925722,
270,500,26.247261,26.247261,0.816704,0.000000,23.449273,1024.000000,0.000000,0.000000,11.925900,
271,500,26.220741,26.220741,0.638223,0.000000,23.582344,1024.000000,0.000000,0.000000,11.926056,
272,500,26.390312,26.390312,0.693390,0.000000,23.540518,1024.000000,0.000000,0.000000,11.926439,
273,500,26.993801,26.993801,1.473159,0.000000,23.647833,1024.000000,0.000000,0.000000,11.926470,
274,500,27.699804,27.699804,0.743316,0.000000,23.495848,1024.000000,0.000000,0.000000,11.926300,
275,500,27.845644,27.845644,0.561207,0.000000,23.586816,1024.000000,0.000000,0.000000,11.926374,
276,500,27.314955,27.314955,0.846395,0.000000,23.394799,1024.000000,0.000000,0.000000,11.926321,
277,500,26.704069,26.704069,0.786963,0.000000,23.457818,1024.000000,0.000000,0.000000,11.926163,
278,500,26.491390,26.491390,0.872142,0.000000,23.592517,1024.000000,0.000000,0.000000,11.925816,
279,500,26.781830,26.781830,0.852493,0.000000,23.503466,1024.000000,0.000000,0.000000,11.925404,
280,500,26.112556,26.112556,0.373702,0.000000,23.412370,1024.000000,0.000000,0.000000,11.925673,
281,500,26.864248,26.864248,0.679814,0.000000,23.553241,1024.000000,0.000000,0.000000,11.926407,
282,500,28.213434,28.213434,1.242339,0.000000,25.018580,1024.000000,0.000000,0.000000,11.926651,
283,500,28.056038,28.056038,0.971485,0.000000,23.608786,1024.000000,0.000000,0.000000,11.926561,
284,500,27.539656,27.539656,0.874513,0.000000,23.433974,1024.000000,0.000000,0.000000,11.926706,
285,500,27.205881,27.205881,0.798758,0.000000,23.303523,1024.000000,0.000000,0.000000,11.926899,
286,500,26.851068,26.851068,0.950468,0.000000,23.631208,1024.000000,0.000000,0.000000,11.926673,
287,500,23.502724,23.502724,1.012086,0.000000,22.013439,908.375000,0.000000,0.000000,11.926337,
288,500,26.809683,26.809683,0.830800,0.000000,23.529086,1024.000000,0.000000,0.000000,11.926441,
289,500,27.632847,27.632847,0.900687,0.000000,23.330876,1024.000000,0.000000,0.000000,11.926311,
290,500,27.509274,27.509274,0.915437,0.000000,23.642849,1024.000000,0.000000,0.000000,11.926371,
291,500,27.392162,27.392162,0.871807,0.000000,23.817034,1024.000000,0.000000,0.000000,11.926558,
292,500,27.353651,27.353651,0.597784,0.000000,23.412515,1024.000000,0.000000,0.000000,11.926772,
293,500,27.498859,27.498859,1.088066,0.000000,23.571465,1024.000000,0.000000,0.000000,11.927032,
294,500,27.147230,27.147230,1.177554,0.000000,24.635319,1024.000000,0.000000,0.000000,11.926805,
295,500,26.708443,26.708443,0.769353,0.000000,23.503239,1024.000000,0.000000,0.000000,11.926345,
296,500,26.643642,26.643642,0.627316,0.000000,23.489510,1024.000000,0.000000,0.000000,11.926537,
297,500,27.299154,27.299154,0.516877,0.000000,23.624824,1024.000000,0.000000,0.000000,11.926897,
298,500,27.421669,27.421669,1.747234,0.000000,23.608844,1024.000000,0.000000,0.000000,11.926591,
299,500,28.438042,28.438042,1.090962,0.000000,23.543086,1024.000000,0.000000,0.000000,11.925704,
300,500,28.338863,28.338863,0.397845,0.000000,23.437356,1024.000000,0.000000,0.000000,11.925854,0.0
301,500,27.759062,27.759062,0.478900,0.000000,23.507943,1024.000000,0.000000,0.000000,11.926596,
302,500,27.594496,27.594496,1.572039,0.000000,23.547468,1024.000000,0.000000,0.000000,11.926843,
303,500,26.822914,26.822914,1.222061,0.000000,23.520008,1024.000000,0.000000,0.000000,11.926474,
304,500,27.062643,27.062643,0.743078,0.000000,23.573553,1024.000000,0.000000,0.000000,11.926730,
305,500,27.012619,27.012619,0.757503,0.000000,23.545351,1024.000000,0.000000,0.000000,11.926983,
306,500,27.259548,27.259548,0.930248,0.000000,23.639097,1024.000000,0.000000,0.000000,11.927097,
307,500,27.497084,27.497084,0.943303,0.000000,23.525107,1024.000000,0.000000,0.000000,11.926810,
308,500,28.281584,28.281584,0.918768,0.000000,23.379641,1024.000000,0.000000,0.000000,11.926764,
309,500,27.900688,27.900688,0.848599,0.000000,23.485598,1024.000000,0.000000,0.000000,11.926632,
310,500,27.409035,27.409035,0.763577,0.000000,23.600550,1024.000000,0.000000,0.000000,11.926816,
311,500,27.555099,27.555099,0.907007,0.000000,23.533538,1024.000000,0.000000,0.000000,11.927004,
312,500,27.490168,27.490168,0.720805,0.000000,23.630563,1024.000000,0.000000,0.000000,11.927052,
313,500,27.353203,27.353203,1.060175,0.000000,23.324566,1024.000000,0.000000,0.000000,11.926845,
314,500,27.963398,27.963398,0.941691,0.000000,23.495701,1024.000000,0.000000,0.000000,11.926662,
315,500,27.518251,27.518251,0.685831,0.000000,23.381339,1024.000000,0.000000,0.000000,11.926918,
316,500,27.197994,27.197994,1.139056,0.000000,23.628121,1024.000000,0.000000,0.000000,11.926975,
317,500,27.903425,27.903425,0.848043,0.000000,23.535700,1024.000000,0.000000,0.000000,11.926909,
318,500,27.027208,27.027208,0.816797,0.000000,22.993858,994.375000,0.000000,0.000000,11.926984,
319,500,28.234568,28.234568,1.284605,0.000000,23.592918,1024.000000,0.000000,0.000000,11.927095,
320,500,27.530788,27.530788,1.006890,0.000000,23.553727,1024.000000,0.000000,0.000000,11.926973,
321,500,27.652384,27.652384,1.012024,0.000000,23.130722,1024.000000,0.000000,0.000000,11.926668,
322,500,26.666565,26.666565,1.069213,0.000000,23.679253,1024.000000,0.000000,0.000000,11.926984,
323,500,27.814857,27.814857,0.726742,0.000000,23.510284,1024.000000,0.000000,0.000000,11.927080,
324,500,26.546869,26.546869,1.006576,0.000000,23.370930,1024.000000,0.000000,0.000000,11.927016,
325,500,27.654869,27.654869,1.109950,0.000000,23.645147,1024.000000,0.000000,0.000000,11.926785,
326,500,26.936001,26.936001,0.763092,0.000000,23.368197,1024.000000,0.000000,0.000000,11.926832,
327,500,27.502821,27.502821,0.631405,0.000000,23.617508,1024.000000,0.000000,0.000000,11.927069,
328,500,27.597006,27.597006,0.901265,0.000000,23.543529,1024.000000,0.000000,0.000000,11.927344,
329,500,27.435986,27.435986,1.339931,0.000000,23.475201,1024.000000,0.000000,0.000000,11.927239,
330,500,27.479588,27.479588,0.878581,0.000000,23.410559,1024.000000,0.000000,0.000000,11.926919,
331,500,27.359718,27.359718,0.474833,0.000000,23.377881,1024.000000,0.000000,0.000000,11.926933,
332,500,26.602951,26.602951,1.469173,0.000000,23.541241,1024.000000,0.000000,0.000000,11.927392,
333,500,27.098135,27.098135,1.287744,0.000000,23.391677,1024.000000,0.000000,0.000000,11.927035,
334,500,26.945971,26.945971,0.995364,0.000000,23.701212,1024.000000,0.000000,0.000000,11.926844,
335,500,27.372009,27.372009,0.986819,0.000000,23.370876,1024.000000,0.000000,0.000000,11.927214,
336,500,27.747549,27.747549,0.727648,0.000000,23.647511,1024.000000,0.000000,0.000000,11.927359,
337,500,28.168230,28.168230,1.178419,0.000000,23.499375,1024.000000,0.000000,0.000000,11.927297,
338,500,27.400696,27.400696,0.886513,0.000000,23.136851,1024.000000,0.000000,0.000000,11.926806,
339,500,26.705019,26.705019,0.539382,0.000000,23.587847,1024.000000,0.000000,0.000000,11.927332,
340,500,27.054562,27.054562,1.036520,0.000000,23.633892,1024.000000,0.000000,0.000000,11.927572,
341,500,27.433430,27.433430,1.073374,0.000000,23.514315,1024.000000,0.000000,0.000000,11.927193,
342,500,27.722912,27.722912,0.789981,0.000000,23.523074,1024.000000,0.000000,0.000000,11.926951,
343,500,27.552099,27.552099,0.656650,0.000000,23.491354,1024.000000,0.000000,0.000000,11.927236,
344,500,27.777214,27.777214,1.391875,0.000000,23.649754,1024.000000,0.000000,0.000000,11.927250,
345,500,27.327082,27.327082,1.101609,0.000000,23.579515,1024.000000,0.000000,0.000000,11.926962,
346,500,27.703360,27.703360,0.658464,0.000000,23.228992,1024.000000,0.000000,0.000000,11.926854,
347,500,27.344360,27.344360,0.659615,0.000000,23.529250,1024.000000,0.000000,0.000000,11.927317,
348,500,27.721470,27.721470,1.049970,0.000000,23.473084,1024.000000,0.000000,0.000000,11.927190,
349,500,27.026840,27.026840,0.880858,0.000000,23.554022,1024.000000,0.000000,0.000000,11.926673,
350,500,24.088531,24.088531,0.669105,0.000000,22.088955,912.625000,0.000000,0.000000,11.926779,0.0
351,500,26.564964,26.564964,0.588397,0.000000,23.739934,1024.000000,0.000000,0.000000,11.927147,
352,500,27.998745,27.998745,0.892265,0.000000,23.418277,1024.000000,0.000000,0.000000,11.927582,
353,500,27.985678,27.985678,0.926950,0.000000,23.570196,1024.000000,0.000000,0.000000,11.927387,
354,500,27.345739,27.345739,0.845925,0.000000,23.391334,1024.000000,0.000000,0.000000,11.927324,
355,500,28.142206,28.142206,0.574981,0.000000,23.501810,1024.000000,0.000000,0.000000,11.927353,
356,500,27.628746,27.628746,0.770376,0.000000,20.901770,1024.000000,0.000000,0.000000,11.926925,
357,500,28.164513,28.164513,1.320267,0.000000,23.482962,1024.000000,0.000000,0.000000,11.927162,
358,500,27.461744,27.461744,0.837757,0.000000,23.510957,1024.000000,0.000000,0.000000,11.927068,
359,500,26.499208,26.499208,0.727139,0.000000,23.788277,1024.000000,0.000000,0.000000,11.927280,
360,500,27.036039,27.036039,0.938018,0.000000,22.139927,1024.000000,0.000000,0.000000,11.927393,
361,500,25.294943,25.294943,1.430570,0.000000,22.762035,946.125000,0.000000,0.000000,11.927351,
362,500,28.209814,28.209814,0.966085,0.000000,23.447490,1024.000000,0.000000,0.000000,11.927393,
363,500,27.351332,27.351332,0.864786,0.000000,23.606275,1024.000000,0.000000,0.000000,11.927603,
364,500,27.418924,27.418924,1.255819,0.000000,23.589234,1024.000000,0.000000,0.000000,11.927579,
365,500,27.716854,27.716854,1.077593,0.000000,23.548584,1024.000000,0.000000,0.000000,11.927405,
366,500,27.794922,27.794922,0.872907,0.000000,23.463087,1024.000000,0.000000,0.000000,11.927222,
367,500,27.321299,27.321299,0.965894,0.000000,23.641967,1024.000000,0.000000,0.000000,11.927509,
368,500,26.470055,26.470055,0.887534,0.000000,23.219471,1024.000000,0.000000,0.000000,11.927539,
369,500,27.789719,27.789719,1.151886,0.000000,23.592217,1024.000000,0.000000,0.000000,11.927715,
370,500,27.586864,27.586864,0.934553,0.000000,23.435824,1024.000000,0.000000,0.000000,11.927601,
371,500,27.749237,27.749237,1.256658,0.000000,23.619602,1024.000000,0.000000,0.000000,11.927620,
372,500,27.689772,27.689772,1.083899,0.000000,23.566706,1024.000000,0.000000,0.000000,11.927452,
373,500,27.782972,27.782972,0.683253,0.000000,23.602263,1024.000000,0.000000,0.000000,11.927359,
374,500,27.836760,27.836760,0.713958,0.000000,23.538341,1024.000000,0.000000,0.000000,11.927618,
375,500,26.942644,26.942644,0.870766,0.000000,23.602596,1024.000000,0.000000,0.000000,11.927735,
376,500,27.573055,27.573055,1.215931,0.000000,23.550978,1024.000000,0.000000,0.000000,11.927608,
377,500,27.560612,27.560612,1.020652,0.000000,23.587924,1024.000000,0.000000,0.000000,11.927422,
378,500,27.533182,27.533182,0.641321,0.000000,23.291847,1024.000000,0.000000,0.000000,11.927536,
379,500,27.286823,27.286823,0.930101,0.000000,23.600473,1024.000000,0.000000,0.000000,11.927794,
380,500,27.889618,27.889618,0.977171,0.000000,23.459828,1024.000000,0.000000,0.000000,11.927629,
381,500,27.732365,27.732365,0.974460,0.000000,23.494505,1024.000000,0.000000,0.000000,11.927645,
382,500,27.550425,27.550425,0.908594,0.000000,23.545201,1024.000000,0.000000,0.000000,11.927757,
383,500,27.949747,27.949747,1.129515,0.000000,23.492925,1024.000000,0.000000,0.000000,11.927757,
384,500,23.286966,23.286966,0.897034,0.000000,22.025841,896.625000,0.000000,0.000000,11.927059,
385,500,26.987936,26.987936,1.038935,0.000000,23.479652,1024.000000,0.000000,0.000000,11.927435,
386,500,28.058546,28.058546,0.786726,0.000000,23.411144,1024.000000,0.000000,0.000000,11.927749,
387,500,28.059677,28.059677,1.078011,0.000000,23.496125,1024.000000,0.000000,0.000000,11.927767,
388,500,27.751013,27.751013,1.020988,0.000000,23.712313,1024.000000,0.000000,0.000000,11.927773,
389,500,28.237143,28.237143,0.762407,0.000000,23.580225,1024.000000,0.000000,0.000000,11.927776,
390,500,27.702660,27.702660,0.874608,0.000000,23.619632,1024.000000,0.000000,0.000000,11.927805,
391,500,27.938105,27.938105,1.080339,0.000000,23.732141,1024.000000,0.000000,0.000000,11.927651,
392,500,26.925442,26.925442,0.900391,0.000000,23.467917,1024.000000,0.000000,0.000000,11.927639,
393,500,26.870697,26.870697,0.809846,0.000000,23.566655,1024.000000,0.000000,0.000000,11.927790,
394,500,27.492496,27.492496,0.842361,0.000000,23.489668,1024.000000,0.000000,0.000000,11.927852,
395,500,27.023571,27.023571,1.086068,0.000000,23.616407,1024.000000,0.000000,0.000000,11.927889,
396,500,28.253304,28.253304,0.904600,0.000000,23.514573,1024.000000,0.000000,0.000000,11.927884,
397,500,27.297964,27.297964,0.867085,0.000000,23.464587,1024.000000,0.000000,0.000000,11.927780,
398,500,28.163479,28.163479,0.837162,0.000000,23.386881,1024.000000,0.000000,0.000000,11.927790,
399,500,27.435671,27.435671,0.993966,0.000000,23.484199,1024.000000,0.000000,0.000000,11.927702,
400,500,27.066677,27.066677,0.908172,0.000000,23.508604,1024.000000,0.000000,0.000000,11.927731,0.0
401,500,27.311840,27.311840,0.832699,0.000000,21.892626,1024.000000,0.000000,0.000000,11.927386,
402,500,27.542276,27.542276,0.939840,0.000000,23.420423,1024.000000,0.000000,0.000000,11.927732,
403,500,27.483124,27.483124,1.204734,0.000000,23.248880,1024.000000,0.000000,0.000000,11.927650,
404,500,28.198610,28.198610,0.825785,0.000000,23.569418,1024.000000,0.000000,0.000000,11.927715,
405,500,27.171549,27.171549,0.898603,0.000000,23.549946,1024.000000,0.000000,0.000000,11.927858,
406,500,27.269680,27.269680,0.992953,0.000000,23.459894,1024.000000,0.000000,0.000000,11.927944,
407,500,26.947557,26.947557,1.398447,0.000000,23.388559,1024.000000,0.000000,0.000000,11.927679,
408,500,27.409538,27.409538,0.983254,0.000000,23.520651,1024.000000,0.000000,0.000000,11.927637,
409,500,27.983883,27.983883,0.609792,0.000000,23.494414,1024.000000,0.000000,0.000000,11.927736,
410,500,27.202368,27.202368,1.006827,0.000000,23.486298,1024.000000,0.000000,0.000000,11.927934,
411,500,27.784313,27.784313,1.418040,0.000000,23.373213,1024.000000,0.000000,0.000000,11.927849,
412,500,27.504757,27.504757,0.854927,0.000000,23.542451,1024.000000,0.000000,0.000000,11.927820,
413,500,28.970943,28.970943,0.994399,0.000000,23.447132,1024.000000,0.000000,0.000000,11.927702,
414,500,27.937748,27.937748,0.826672,0.000000,20.238509,1024.000000,0.000000,0.000000,11.927347,
415,500,28.050695,28.050695,0.814029,0.000000,23.576859,1024.000000,0.000000,0.000000,11.927727,
416,500,27.580725,27.580725,1.291229,0.000000,23.499016,1024.000000,0.000000,0.000000,11.927414,
417,500,27.179817,27.179817,0.825253,0.000000,23.619578,1024.000000,0.000000,0.000000,11.927422,
418,500,27.518208,27.518208,0.739466,0.000000,23.603811,1024.000000,0.000000,0.000000,11.927541,
419,500,27.645477,27.645477,0.847271,0.000000,23.487583,1024.000000,0.000000,0.000000,11.927946,
420,500,27.827883,27.827883,1.199828,0.000000,21.920789,1024.000000,0.000000,0.000000,11.927689,
421,500,27.934631,27.934631,1.091548,0.000000,23.600993,1024.000000,0.000000,0.000000,11.927928,
422,500,28.176811,28.176811,0.674059,0.000000,23.303216,1024.000000,0.000000,0.000000,11.927843,
423,500,26.826630,26.826630,0.712720,0.000000,23.292510,1024.000000,0.000000,0.000000,11.927870,
424,500,26.787405,26.787405,1.446788,0.000000,23.635311,1024.000000,0.000000,0.000000,11.927649,
425,500,27.080593,27.080593,1.029111,0.000000,23.666323,1024.000000,0.000000,0.000000,11.927395,
426,500,27.191071,27.191071,0.708683,0.000000,23.590833,1024.000000,0.000000,0.000000,11.927381,
427,500,26.706015,26.706015,0.882820,0.000000,23.576833,1024.000000,0.000000,0.000000,11.927794,
428,500,27.374914,27.374914,1.060269,0.000000,23.448257,1024.000000,0.000000,0.000000,11.928051,
429,500,27.627584,27.627584,1.073241,0.000000,23.644619,1024.000000,0.000000,0.000000,11.927818,
430,500,28.840857,28.840857,0.794578,0.000000,23.906153,1024.000000,0.000000,0.000000,11.927651,
431,500,27.664469,27.664469,0.704713,0.000000,23.615557,1024.000000,0.000000,0.000000,11.927915,
432,500,27.442621,27.442621,1.009463,0.000000,23.460800,1024.000000,0.000000,0.000000,11.928018,
433,500,26.618141,26.618141,1.135945,0.000000,23.695907,1024.000000,0.000000,0.000000,11.927751,
434,500,27.544220,27.544220,0.853759,0.000000,23.443043,1024.000000,0.000000,0.000000,11.927530,
435,500,27.084990,27.084990,0.659060,0.000000,21.022364,1024.000000,0.000000,0.000000,11.927155,
436,500,27.198252,27.198252,1.253291,0.000000,23.500294,1024.000000,0.000000,0.000000,11.927942,
437,500,27.928337,27.928337,1.440457,0.000000,23.598242,1024.000000,0.000000,0.000000,11.927742,
438,500,27.373833,27.373833,0.796446,0.000000,23.487453,1024.000000,0.000000,0.000000,11.927629,
439,500,27.206032,27.206032,0.709165,0.000000,23.089022,1024.000000,0.000000,0.000000,11.927776,
440,500,28.783195,28.783195,0.891815,0.000000,23.583184,1024.000000,0.000000,0.000000,11.927920,
441,500,27.615444,27.615444,1.565581,0.000000,23.637432,1024.000000,0.000000,0.000000,11.927567,
442,500,27.968960,27.968960,0.842064,0.000000,23.536877,1024.000000,0.000000,0.000000,11.927462,
443,500,27.284376,27.284376,0.672762,0.000000,23.635333,1024.000000,0.000000,0.000000,11.927492,
444,500,27.514614,27.514614,0.853613,0.000000,23.601816,1024.000000,0.000000,0.000000,11.927678,
445,500,27.618017,27.618017,1.079333,0.000000,23.608778,1024.000000,0.000000,0.000000,11.927765,
446,500,25.626587,25.626587,1.008751,0.000000,22.929868,955.000000,0.000000,0.000000,11.927670,
447,500,28.060215,28.060215,0.763780,0.000000,23.598476,1024.000000,0.000000,0.000000,11.927782,
448,500,27.782141,27.782141,0.849589,0.000000,23.489183,1024.000000,0.000000,0.000000,11.927908,
449,500,28.117407,28.117407,0.896469,0.000000,23.672730,1024.000000,0.000000,0.000000,11.927792,
450,500,27.959538,27.959538,0.867724,0.000000,23.536308,1024.000000,0.000000,0.000000,11.927560,0.0
451,500,27.596777,27.596777,0.769462,0.000000,23.452418,1024.000000,0.000000,0.000000,11.927613,
452,500,27.149960,27.149960,1.239028,0.000000,23.495076,1024.000000,0.000000,0.000000,11.927805,
453,500,28.067183,28.067183,1.063632,0.000000,23.466163,1024.000000,0.000000,0.000000,11.927705,
454,500,26.929995,26.929995,0.629186,0.000000,23.431807,1024.000000,0.000000,0.000000,11.927801,
455,500,27.792194,27.792194,0.775926,0.000000,23.544202,1024.000000,0.000000,0.000000,11.928180,
456,500,27.855307,27.855307,1.384536,0.000000,23.106473,1024.000000,0.000000,0.000000,11.927862,
457,500,27.425276,27.425276,1.156342,0.000000,24.380311,1024.000000,0.000000,0.000000,11.927652,
458,500,27.771765,27.771765,0.807405,0.000000,23.538190,1024.000000,0.000000,0.000000,11.927771,
459,500,27.872467,27.872467,0.712926,0.000000,23.547635,1024.000000,0.000000,0.000000,11.928029,
460,500,27.624565,27.624565,1.349552,0.000000,23.554459,1024.000000,0.000000,0.000000,11.928183,
461,500,27.964260,27.964260,1.074425,0.000000,23.753929,1024.000000,0.000000,0.000000,11.927872,
462,500,27.957441,27.957441,0.790010,0.000000,23.433444,1024.000000,0.000000,0.000000,11.927835,
463,500,27.715427,27.715427,0.762461,0.000000,23.640048,1024.000000,0.000000,0.000000,11.928028,
464,500,27.698872,27.698872,0.782027,0.000000,23.409825,1024.000000,0.000000,0.000000,11.928118,
465,500,27.424112,27.424112,1.408848,0.000000,23.663462,1024.000000,0.000000,0.000000,11.927781,
466,500,27.314484,27.314484,0.898523,0.000000,23.383275,1024.000000,0.000000,0.000000,11.927522,
467,500,27.378540,27.378540,0.880187,0.000000,23.623711,1024.000000,0.000000,0.000000,11.927896,
468,500,27.639191,27.639191,0.782041,0.000000,23.492068,1024.000000,0.000000,0.000000,11.928137,
469,500,27.092787,27.092787,1.394692,0.000000,23.646852,1024.000000,0.000000,0.000000,11.928070,
470,500,27.308657,27.308657,0.812116,0.000000,23.561854,1024.000000,0.000000,0.000000,11.927874,
471,500,27.408394,27.408394,0.762605,0.000000,23.526344,1024.000000,0.000000,0.000000,11.927914,
472,500,27.191969,27.191969,0.949368,0.000000,23.489062,1024.000000,0.000000,0.000000,11.927960,
473,500,27.382193,27.382193,1.232941,0.000000,23.576906,1024.000000,0.000000,0.000000,11.927950,
474,500,27.494164,27.494164,1.037645,0.000000,23.317161,1024.000000,0.000000,0.000000,11.927857,
475,500,27.403870,27.403870,0.691541,0.000000,23.586258,1024.000000,0.000000,0.000000,11.927941,
476,500,28.288036,28.288036,0.829266,0.000000,23.536992,1024.000000,0.000000,0.000000,11.928208,
477,500,27.483097,27.483097,1.160959,0.000000,23.601164,1024.000000,0.000000,0.000000,11.928236,
478,500,27.471178,27.471178,1.141332,0.000000,23.530602,1024.000000,0.000000,0.000000,11.928106,
479,500,27.949421,27.949421,0.973298,0.000000,23.595440,1024.000000,0.000000,0.000000,11.928125,
480,500,27.975159,27.975159,0.679793,0.000000,23.445652,1024.000000,0.000000,0.000000,11.928186,
481,500,27.596569,27.596569,1.324824,0.000000,23.546030,1024.000000,0.000000,0.000000,11.928123,
482,500,27.455236,27.455236,1.143746,0.000000,23.506372,1024.000000,0.000000,0.000000,11.928009,
483,500,27.926888,27.926888,0.801509,0.000000,23.503377,1024.000000,0.000000,0.000000,11.927962,
484,500,27.256506,27.256506,0.846078,0.000000,23.439164,1003.750000,0.000000,0.000000,11.928221,
485,500,27.824020,27.824020,0.824717,0.000000,20.795803,1024.000000,0.000000,0.000000,11.927872,
486,500,27.615845,27.615845,1.180221,0.000000,23.427461,1024.000000,0.000000,0.000000,11.928094,
487,500,28.185110,28.185110,0.925693,0.000000,23.578311,1024.000000,0.000000,0.000000,11.927781,
488,500,27.897453,27.897453,0.819368,0.000000,23.254516,1024.000000,0.000000,0.000000,11.927919,
489,500,27.402658,27.402658,1.071763,0.000000,23.670124,1024.000000,0.000000,0.000000,11.928072,
490,500,25.752750,25.752750,1.341738,0.000000,22.785991,964.625000,0.000000,0.000000,11.927973,
491,500,26.658243,26.658243,0.934613,0.000000,24.455395,1024.000000,0.000000,0.000000,11.928070,
492,500,27.721449,27.721449,0.818524,0.000000,23.613060,1024.000000,0.000000,0.000000,11.928199,
493,500,27.103123,27.103123,1.158147,0.000000,23.508606,1024.000000,0.000000,0.000000,11.928364,
494,500,27.749451,27.749451,1.168810,0.000000,23.627179,1024.000000,0.000000,0.000000,11.928368,
495,500,27.958273,27.958273,0.987684,0.000000,23.460736,1024.000000,0.000000,0.000000,11.928288,
496,500,28.142063,28.142063,0.987898,0.000000,23.528235,1024.000000,0.000000,0.000000,11.928232,
497,500,27.250778,27.250778,1.103490,0.000000,23.640528,1024.000000,0.000000,0.000000,11.928250,
498,500,27.999870,27.999870,1.257146,0.000000,23.539599,1024.000000,0.000000,0.000000,11.928325,
499,500,27.368010,27.368010,1.170514,0.000000,23.778660,1024.000000,0.000000,0.000000,11.928225,
500,500,26.991720,26.991720,1.011160,0.000000,23.458652,1024.000000,0.000000,0.000000,11.928205,0.0