step,total_steps,loss,kl_loss,policy_ratio,reward_avg,format_reward_avg,tokens_per_sec,avg_response_len,adv_avg,adv_std,entropy_avg,eval_acc
1,500,0.000000,0.000000,1.000000,0.250000,0.125000,45.312824,1007.500000,0.000000,0.999859,0.410934,50.8
2,500,0.000000,0.000000,1.000000,0.000000,0.000000,46.226388,1024.000000,0.000000,0.000000,0.467455,
3,500,0.000000,0.000000,1.000000,2.000000,1.000000,47.976821,514.000000,0.000000,0.000000,0.435267,
4,500,0.000000,0.000000,1.000000,2.000000,1.000000,48.928891,435.250000,0.000000,0.000000,0.367822,
5,500,0.000000,0.000000,1.000000,1.500000,0.750000,46.884664,790.625000,0.000000,0.999892,0.356546,
6,500,0.000000,0.000000,1.000000,1.500000,0.750000,47.069575,971.750000,0.000000,0.999892,0.278760,
7,500,0.000000,0.000000,1.000000,0.000000,0.000000,46.502654,1024.000000,0.000000,0.000000,0.347379,
8,500,0.000000,0.000000,1.000000,2.000000,1.000000,48.557472,520.500000,0.000000,0.000000,0.278998,
9,500,0.000000,0.000000,1.000000,0.000000,0.000000,44.400341,1024.000000,0.000000,0.000000,0.641633,
10,500,0.000000,0.000000,1.000000,0.000000,0.000000,46.925363,1024.000000,0.000000,0.000000,0.350296,
11,500,0.000000,0.000000,1.000000,1.500000,0.750000,47.466571,721.000000,0.000000,0.999892,0.260533,
12,500,0.000000,0.000000,1.000000,0.000000,0.000000,46.627168,1024.000000,0.000000,0.000000,0.313803,
13,500,0.000000,0.000000,1.000000,0.000000,0.000000,47.739103,549.375000,0.000000,0.000000,0.424545,
14,500,0.000000,0.000000,1.000000,2.000000,1.000000,47.582270,860.125000,0.000000,0.000000,0.317123,
15,500,0.000000,0.000000,1.000000,1.750000,0.875000,47.905800,751.000000,0.000000,0.999859,0.296706,
16,500,0.000000,0.000000,1.000000,1.750000,0.875000,47.601976,768.000000,0.000000,0.999859,0.404388,
17,500,0.000000,0.000000,1.000000,0.000000,0.000000,46.558957,1024.000000,0.000000,0.000000,0.347975,
18,500,0.000000,0.000000,1.000000,2.000000,1.000000,46.925345,907.875000,0.000000,0.000000,0.385171,
19,500,0.000000,0.000000,1.000000,1.500000,0.750000,46.703237,886.750000,0.000000,0.999892,0.373794,
20,500,0.000000,0.000000,1.000000,0.000000,0.000000,46.962495,1024.000000,0.000000,0.000000,0.493966,
21,500,0.000000,0.000000,1.000000,1.750000,0.875000,47.236630,862.125000,0.000000,0.999859,0.329289,
22,500,0.000000,0.000000,1.000000,0.000000,0.000000,47.151661,1024.000000,0.000000,0.000000,0.521430,
23,500,0.000000,0.000000,1.000000,0.250000,0.125000,46.779815,1024.000000,0.000000,0.999859,0.502023,
24,500,0.000000,0.000000,1.000000,0.500000,0.250000,47.274367,1024.000000,0.000000,0.999892,0.459289,
25,500,0.000000,0.000000,1.000000,1.750000,0.875000,47.066398,967.625000,0.000000,0.999859,0.232396,
26,500,0.000000,0.000000,1.000000,2.000000,1.000000,48.334985,595.125000,0.000000,0.000000,0.432031,
27,500,0.000000,0.000000,1.000000,1.750000,0.875000,47.855075,836.250000,0.000000,0.999859,0.393613,
28,500,0.000000,0.000000,1.000000,1.750000,0.875000,48.263321,588.875000,0.000000,0.999859,0.396651,
29,500,0.000000,0.000000,1.000000,0.000000,0.000000,46.793495,1024.000000,0.000000,0.000000,0.660649,
30,500,0.000000,0.000000,1.000000,1.750000,0.875000,47.154841,919.750000,0.000000,0.999859,0.271683,
31,500,0.000000,0.000000,1.000000,2.000000,1.000000,48.772549,470.000000,0.000000,0.000000,0.357493,
32,500,0.000000,0.000000,1.000000,2.000000,1.000000,48.625737,608.625000,0.000000,0.000000,0.325365,
33,500,0.000000,0.000000,1.000000,2.000000,1.000000,47.558642,790.500000,0.000000,0.000000,0.334830,
34,500,0.000000,0.000000,1.000000,2.000000,1.000000,48.575808,554.250000,0.000000,0.000000,0.393382,
35,500,0.000000,0.000000,1.000000,2.000000,1.000000,48.709115,509.625000,0.000000,0.000000,0.331609,
36,500,0.000000,0.000000,1.000000,1.000000,0.500000,47.660143,939.500000,0.000000,0.999906,0.535016,
37,500,0.000000,0.000000,1.000000,2.000000,1.000000,49.157948,393.000000,0.000000,0.000000,0.368084,
38,500,0.000000,0.000000,1.000000,2.000000,1.000000,49.107103,272.500000,0.000000,0.000000,0.383067,
39,500,0.000000,0.000000,1.000000,0.000000,0.000000,47.096161,920.125000,0.000000,0.000000,0.485614,
40,500,0.000000,0.000000,1.000000,2.000000,1.000000,49.271016,556.875000,0.000000,0.000000,0.282520,
41,500,0.000000,0.000000,1.000000,2.000000,1.000000,48.061334,721.500000,0.000000,0.000000,0.446708,
42,500,0.000000,0.000000,1.000000,1.500000,0.750000,48.205608,736.250000,0.000000,0.999892,0.426763,
43,500,0.000000,0.000000,1.000000,1.750000,0.875000,47.560513,846.500000,0.000000,0.999859,0.448239,
44,500,0.000000,0.000000,1.000000,0.500000,0.250000,47.257037,858.875000,0.000000,0.999892,0.494163,
45,500,0.000000,0.000000,1.000000,2.000000,1.000000,49.408701,320.000000,0.000000,0.000000,0.343385,
46,500,0.000000,0.000000,1.000000,1.750000,0.875000,48.762139,328.875000,0.000000,0.999859,0.359199,
47,500,0.000000,0.000000,1.000000,1.000000,0.500000,47.473671,821.000000,0.000000,0.999906,0.398151,
48,500,0.000000,0.000000,1.000000,2.000000,1.000000,48.270051,493.250000,0.000000,0.000000,0.259187,
49,500,0.000000,0.000000,1.000000,0.750000,0.375000,47.146027,978.375000,0.000000,0.999903,0.582653,
50,500,0.000000,0.000000,1.000000,0.750000,0.375000,47.089977,961.250000,0.000000,0.999903,0.573953,53.6
51,500,0.000000,0.000000,1.000000,2.000000,1.000000,49.031490,550.000000,0.000000,0.000000,0.373557,
52,500,0.000000,0.000000,1.000000,0.500000,0.250000,44.403780,1010.500000,0.000000,0.999892,0.610313,
53,500,0.000000,0.000000,1.000000,1.750000,0.875000,48.969740,455.625000,0.000000,0.999859,0.549403,
54,500,0.000000,0.000000,1.000000,2.000000,1.000000,48.656535,453.250000,0.000000,0.000000,0.411536,
55,500,0.000000,0.000000,1.000000,0.750000,0.375000,48.115140,635.875000,0.000000,0.999903,0.473641,
56,500,0.000000,0.000000,1.000000,0.000000,0.000000,49.438075,368.000000,0.000000,0.000000,0.505264,
57,500,0.000000,0.000000,1.000000,0.750000,0.375000,48.223873,490.125000,0.000000,0.999903,0.502701,
58,500,0.000000,0.000000,1.000000,1.250000,0.625000,47.520454,786.250000,0.000000,0.999903,0.611687,
59,500,0.000000,0.000000,1.000000,1.250000,0.625000,47.887881,777.000000,0.000000,0.999903,0.566565,
60,500,0.000000,0.000000,1.000000,0.750000,0.375000,47.259820,920.000000,0.000000,0.999903,0.465193,
61,500,0.000000,0.000000,1.000000,0.000000,0.000000,47.508669,892.625000,0.000000,0.000000,0.697263,
62,500,0.000000,0.000000,1.000000,1.250000,0.625000,47.489227,727.500000,0.000000,0.999903,0.434283,
63,500,0.000000,0.000000,1.000000,1.750000,0.875000,45.919786,586.500000,0.000000,0.999859,0.514034,
64,500,0.000000,0.000000,1.000000,2.000000,1.000000,49.110246,477.875000,0.000000,0.000000,0.426644,
65,500,0.000000,0.000000,1.000000,1.000000,0.500000,47.446895,714.625000,0.000000,0.999906,0.652170,
66,500,0.000000,0.000000,1.000000,1.500000,0.750000,47.949369,665.625000,0.000000,0.999892,0.648954,
67,500,0.000000,0.000000,1.000000,0.000000,0.000000,46.656069,1023.375000,0.000000,0.000000,0.910477,
68,500,0.000000,0.000000,1.000000,1.500000,0.750000,47.073301,882.750000,0.000000,0.999892,0.433648,
69,500,0.000000,0.000000,1.000000,1.000000,0.500000,47.400220,971.375000,0.000000,0.999906,0.510755,
70,500,0.000000,0.000000,1.000000,2.000000,1.000000,49.128002,224.625000,0.000000,0.000000,0.442231,
71,500,0.000000,0.000000,1.000000,1.750000,0.875000,48.497743,540.625000,0.000000,0.999859,0.589319,
72,500,0.000000,0.000000,1.000000,1.750000,0.875000,47.950437,654.000000,0.000000,0.999859,0.471685,
73,500,0.000000,0.000000,1.000000,2.000000,1.000000,49.223372,497.750000,0.000000,0.000000,0.544237,
74,500,0.000000,0.000000,1.000000,2.000000,1.000000,48.180807,396.625000,0.000000,0.000000,0.435869,
75,500,0.000000,0.000000,1.000000,0.000000,0.000000,41.409103,1024.000000,0.000000,0.000000,1.005470,
76,500,0.000000,0.000000,1.000000,2.000000,1.000000,49.059928,384.250000,0.000000,0.000000,0.505597,
77,500,0.000000,0.000000,1.000000,0.500000,0.250000,47.483928,795.000000,0.000000,0.999892,0.666603,
78,500,0.000000,0.000000,1.000000,2.000000,1.000000,48.532729,358.875000,0.000000,0.000000,0.389944,
79,500,0.000000,0.000000,1.000000,2.000000,1.000000,49.097343,493.125000,0.000000,0.000000,0.659485,
80,500,0.000000,0.000000,1.000000,2.000000,1.000000,48.372255,284.125000,0.000000,0.000000,0.638424,
81,500,0.000000,0.000000,1.000000,1.500000,0.750000,48.102283,656.500000,0.000000,0.999892,0.492484,
82,500,0.000000,0.000000,1.000000,2.000000,1.000000,48.924932,384.875000,0.000000,0.000000,0.487486,
83,500,0.000000,0.000000,1.000000,1.250000,0.625000,47.780754,876.875000,0.000000,0.999903,0.698993,
84,500,0.000000,0.000000,1.000000,1.250000,0.625000,47.635071,632.750000,0.000000,0.999903,0.511454,
85,500,0.000000,0.000000,1.000000,2.000000,1.000000,49.547383,350.875000,0.000000,0.000000,0.415029,
86,500,0.000000,0.000000,1.000000,2.000000,1.000000,48.863096,241.500000,0.000000,0.000000,0.598385,
87,500,0.000000,0.000000,1.000000,2.000000,1.000000,48.943605,358.500000,0.000000,0.000000,0.417134,
88,500,0.000000,0.000000,1.000000,2.000000,1.000000,48.380046,512.000000,0.000000,0.000000,0.371684,
89,500,0.000000,0.000000,1.000000,0.250000,0.125000,46.391959,1020.000000,0.000000,0.999859,1.146304,
90,500,0.000000,0.000000,1.000000,0.000000,0.000000,46.367607,1024.000000,0.000000,0.000000,1.041526,
91,500,0.000000,0.000000,1.000000,1.500000,0.750000,47.004684,775.500000,0.000000,0.999892,0.843683,
92,500,0.000000,0.000000,1.000000,2.000000,1.000000,49.132266,285.375000,0.000000,0.000000,0.635791,
93,500,0.000000,0.000000,1.000000,1.000000,0.500000,47.564756,871.750000,0.000000,0.999906,0.781679,
94,500,0.000000,0.000000,1.000000,1.500000,0.750000,47.934379,709.000000,0.000000,0.999892,0.748152,
95,500,0.000000,0.000000,1.000000,0.000000,0.000000,49.306391,293.250000,0.000000,0.000000,0.484360,
96,500,0.000000,0.000000,1.000000,2.000000,1.000000,48.722025,246.500000,0.000000,0.000000,0.574317,
97,500,0.000000,0.000000,1.000000,0.250000,0.125000,47.551719,766.000000,0.000000,0.999859,0.965994,
98,500,0.000000,0.000000,1.000000,2.000000,1.000000,48.440308,589.500000,0.000000,0.000000,0.663831,
99,500,0.000000,0.000000,1.000000,2.000000,1.000000,49.025571,361.500000,0.000000,0.000000,0.642466,
100,500,0.000000,0.000000,1.000000,2.000000,1.000000,48.388080,479.500000,0.000000,0.000000,0.615035,56.2
101,500,0.000000,0.000000,1.000000,0.500000,0.250000,47.403162,883.375000,0.000000,0.999892,0.937773,
102,500,0.000000,0.000000,1.000000,1.500000,0.750000,48.435121,497.250000,0.000000,0.999892,0.626097,
103,500,0.000000,0.000000,1.000000,0.500000,0.250000,47.224106,928.125000,0.000000,0.999892,1.047020,
104,500,0.000000,0.000000,1.000000,2.000000,1.000000,49.558082,227.000000,0.000000,0.000000,0.567877,
105,500,0.000000,0.000000,1.000000,2.000000,1.000000,49.227126,464.500000,0.000000,0.000000,0.833498,
106,500,0.000000,0.000000,1.000000,1.750000,0.875000,48.055067,638.000000,0.000000,0.999859,0.854279,
107,500,0.000000,0.000000,1.000000,2.000000,1.000000,49.287564,290.375000,0.000000,0.000000,0.828018,
108,500,0.000000,0.000000,1.000000,0.000000,0.000000,48.208053,377.500000,0.000000,0.000000,1.002622,
109,500,0.000000,0.000000,1.000000,2.000000,1.000000,48.893498,395.750000,0.000000,0.000000,0.632418,
110,500,0.000000,0.000000,1.000000,0.000000,0.000000,46.686939,1024.000000,0.000000,0.000000,1.213838,
111,500,0.000000,0.000000,1.000000,2.000000,1.000000,48.723834,436.875000,0.000000,0.000000,0.759819,
112,500,0.000000,0.000000,1.000000,0.000000,0.000000,46.592832,1024.000000,0.000000,0.000000,1.042509,
113,500,0.000000,0.000000,1.000000,2.000000,1.000000,48.619815,448.125000,0.000000,0.000000,0.891293,
114,500,0.000000,0.000000,1.000000,2.000000,1.000000,48.892606,254.375000,0.000000,0.000000,0.664201,
115,500,0.000000,0.000000,1.000000,1.750000,0.875000,48.705858,510.875000,0.000000,0.999859,0.798793,
116,500,0.000000,0.000000,1.000000,2.000000,1.000000,48.579208,293.625000,0.000000,0.000000,0.713472,
117,500,0.000000,0.000000,1.000000,0.000000,0.000000,46.705745,1024.000000,0.000000,0.000000,1.324582,
118,500,0.000000,0.000000,1.000000,2.000000,1.000000,48.660663,288.625000,0.000000,0.000000,0.734313,
119,500,0.000000,0.000000,1.000000,0.000000,0.000000,44.182394,1024.000000,0.000000,0.000000,1.459440,
120,500,0.000000,0.000000,1.000000,1.750000,0.875000,47.750882,622.625000,0.000000,0.999859,0.872669,
121,500,0.000000,0.000000,1.000000,0.000000,0.000000,47.152945,975.375000,0.000000,0.000000,1.199593,
122,500,0.000000,0.000000,1.000000,0.000000,0.000000,46.397961,1024.000000,0.000000,0.000000,1.406613,
123,500,0.000000,0.000000,1.000000,0.000000,0.000000,46.571724,1024.000000,0.000000,0.000000,1.522635,
124,500,0.000000,0.000000,1.000000,2.000000,1.000000,49.254363,318.500000,0.000000,0.000000,0.750521,
125,500,0.000000,0.000000,1.000000,0.000000,0.000000,46.718428,1024.000000,0.000000,0.000000,1.625895,
126,500,0.000000,0.000000,1.000000,1.750000,0.875000,47.753514,765.875000,0.000000,0.999859,0.961779,
127,500,0.000000,0.000000,1.000000,0.000000,0.000000,46.964473,1024.000000,0.000000,0.000000,1.442656,
128,500,0.000000,0.000000,1.000000,2.000000,1.000000,48.663503,459.375000,0.000000,0.000000,0.773570,
129,500,0.000000,0.000000,1.000000,1.250000,0.625000,47.260971,833.000000,0.000000,0.999903,1.286274,
130,500,0.000000,0.000000,1.000000,2.000000,1.000000,48.986329,357.000000,0.000000,0.000000,0.766216,
131,500,0.000000,0.000000,1.000000,1.500000,0.750000,47.687235,581.875000,0.000000,0.999892,1.264458,
132,500,0.000000,0.000000,1.000000,2.000000,1.000000,49.059979,253.250000,0.000000,0.000000,0.620351,
133,500,0.000000,0.000000,1.000000,1.750000,0.875000,47.804424,792.375000,0.000000,0.999859,0.892159,
134,500,0.000000,0.000000,1.000000,0.250000,0.125000,47.298269,1013.500000,0.000000,0.999859,1.548376,
135,500,0.000000,0.000000,1.000000,2.000000,1.000000,48.620099,342.875000,0.000000,0.000000,0.887066,
136,500,0.000000,0.000000,1.000000,2.000000,1.000000,49.159638,182.375000,0.000000,0.000000,0.910754,
137,500,0.000000,0.000000,1.000000,1.500000,0.750000,47.506697,801.000000,0.000000,0.999892,0.976572,
138,500,0.000000,0.000000,1.000000,0.000000,0.000000,47.231573,1005.000000,0.000000,0.000000,1.197056,
139,500,0.000000,0.000000,1.000000,0.500000,0.250000,47.637029,945.250000,0.000000,0.999892,0.991139,
140,500,0.000000,0.000000,1.000000,0.500000,0.250000,47.111934,884.750000,0.000000,0.999892,1.282637,
141,500,0.000000,0.000000,1.000000,2.000000,1.000000,49.161018,246.875000,0.000000,0.000000,0.809222,
142,500,0.000000,0.000000,1.000000,0.250000,0.125000,46.883520,1008.750000,0.000000,0.999859,1.603702,
143,500,0.000000,0.000000,1.000000,2.000000,1.000000,48.768566,505.625000,0.000000,0.000000,1.605235,
144,500,0.000000,0.000000,1.000000,1.750000,0.875000,47.465421,735.750000,0.000000,0.999859,1.203272,
145,500,0.000000,0.000000,1.000000,0.000000,0.000000,47.301695,967.125000,0.000000,0.000000,1.706993,
146,500,0.000000,0.000000,1.000000,1.250000,0.625000,48.571807,333.375000,0.000000,0.999903,0.856501,
147,500,0.000000,0.000000,1.000000,0.000000,0.000000,47.916646,513.250000,0.000000,0.000000,1.506527,
148,500,0.000000,0.000000,1.000000,1.250000,0.625000,47.242259,726.875000,0.000000,0.999903,1.562541,
149,500,0.000000,0.000000,1.000000,0.750000,0.375000,46.987478,785.625000,0.000000,0.999903,1.624285,
150,500,0.000000,0.000000,1.000000,0.000000,0.000000,46.628900,942.375000,0.000000,0.000000,1.906568,42.0
151,500,0.000000,0.000000,1.000000,2.000000,1.000000,49.182232,258.750000,0.000000,0.000000,1.160578,
152,500,0.000000,0.000000,1.000000,1.250000,0.625000,47.892096,756.250000,0.000000,0.999903,1.612228,
153,500,0.000000,0.000000,1.000000,2.000000,1.000000,48.941185,206.375000,0.000000,0.000000,0.957392,
154,500,0.000000,0.000000,1.000000,1.250000,0.625000,47.888397,466.250000,0.000000,0.999903,1.793535,
155,500,0.000000,0.000000,1.000000,0.000000,0.000000,48.422200,198.625000,0.000000,0.000000,1.025746,
156,500,0.000000,0.000000,1.000000,0.000000,0.000000,46.755254,1024.000000,0.000000,0.000000,2.798548,
157,500,0.000000,0.000000,1.000000,0.500000,0.250000,46.907775,833.750000,0.000000,0.999892,2.118956,
158,500,0.000000,0.000000,1.000000,0.000000,0.000000,46.916864,775.125000,0.000000,0.000000,2.572925,
159,500,0.000000,0.000000,1.000000,0.000000,0.000000,46.620347,1024.000000,0.000000,0.000000,3.174119,
160,500,0.000000,0.000000,1.000000,0.000000,0.000000,46.865464,1024.000000,0.000000,0.000000,3.126585,
161,500,0.000000,0.000000,1.000000,0.000000,0.000000,47.075304,1024.000000,0.000000,0.000000,3.132438,
162,500,0.000000,0.000000,1.000000,0.000000,0.000000,47.086899,1024.000000,0.000000,0.000000,3.427204,
163,500,0.000000,0.000000,1.000000,1.500000,0.750000,49.147741,324.000000,0.000000,0.999892,2.038814,
164,500,0.000000,0.000000,1.000000,0.000000,0.000000,47.178621,1024.000000,0.000000,0.000000,3.425622,
165,500,0.000000,0.000000,1.000000,0.000000,0.000000,46.885009,1024.000000,0.000000,0.000000,3.537496,
166,500,0.000000,0.000000,1.000000,0.000000,0.000000,47.326787,1024.000000,0.000000,0.000000,3.670023,
167,500,0.000000,0.000000,1.000000,0.000000,0.000000,46.849079,1024.000000,0.000000,0.000000,3.487094,
168,500,0.000000,0.000000,1.000000,0.000000,0.000000,47.312903,926.375000,0.000000,0.000000,3.808403,
169,500,0.000000,0.000000,1.000000,0.000000,0.000000,46.923115,1024.000000,0.000000,0.000000,3.843647,
170,500,0.000000,0.000000,1.000000,0.000000,0.000000,46.912956,1024.000000,0.000000,0.000000,3.916615,
171,500,0.000000,0.000000,1.000000,0.000000,0.000000,46.960607,1011.875000,0.000000,0.000000,3.804718,
172,500,0.000000,0.000000,1.000000,0.000000,0.000000,47.087432,1009.250000,0.000000,0.000000,3.609811,
173,500,0.000000,0.000000,1.000000,0.000000,0.000000,47.115800,1024.000000,0.000000,0.000000,3.715980,
174,500,0.000000,0.000000,1.000000,0.000000,0.000000,47.073751,1024.000000,0.000000,0.000000,3.924706,
175,500,0.000000,0.000000,1.000000,0.000000,0.000000,47.347939,970.000000,0.000000,0.000000,3.483221,
176,500,0.000000,0.000000,1.000000,1.125000,0.500000,48.166218,528.375000,0.000000,0.999899,2.341252,
177,500,0.000000,0.000000,1.000000,0.000000,0.000000,47.122777,853.125000,0.000000,0.000000,2.678275,
178,500,0.000000,0.000000,1.000000,0.500000,0.250000,48.195547,565.875000,0.000000,0.999892,2.854528,
179,500,0.000000,0.000000,1.000000,2.000000,1.000000,49.320060,299.625000,0.000000,0.000000,2.615032,
180,500,0.000000,0.000000,1.000000,0.000000,0.000000,47.159189,776.625000,0.000000,0.000000,4.209135,
181,500,0.000000,0.000000,1.000000,0.000000,0.000000,47.312756,874.875000,0.000000,0.000000,3.934752,
182,500,0.000000,0.000000,1.000000,2.000000,1.000000,47.993564,167.000000,0.000000,0.000000,1.343739,
183,500,0.000000,0.000000,1.000000,1.250000,0.625000,48.651216,330.500000,0.000000,0.999903,2.930797,
184,500,0.000000,0.000000,1.000000,0.000000,0.000000,47.299493,774.125000,0.000000,0.000000,3.953966,
185,500,0.000000,0.000000,1.000000,0.000000,0.000000,46.499981,1024.000000,0.000000,0.000000,4.255342,
186,500,0.000000,0.000000,1.000000,0.000000,0.000000,47.538332,706.875000,0.000000,0.000000,3.917249,
187,500,0.000000,0.000000,1.000000,0.000000,0.000000,47.169690,780.250000,0.000000,0.000000,4.007372,
188,500,0.000000,0.000000,1.000000,0.000000,0.000000,47.229656,803.625000,0.000000,0.000000,4.594036,
189,500,0.000000,0.000000,1.000000,0.000000,0.000000,48.893014,414.375000,0.000000,0.000000,3.494004,
190,500,0.000000,0.000000,1.000000,0.000000,0.000000,47.334759,674.875000,0.000000,0.000000,4.326015,
191,500,0.000000,0.000000,1.000000,0.000000,0.000000,46.595195,1003.625000,0.000000,0.000000,4.830525,
192,500,0.000000,0.000000,1.000000,0.000000,0.000000,42.118147,489.625000,0.000000,0.000000,4.024057,
193,500,0.000000,0.000000,1.000000,0.000000,0.000000,47.598340,747.125000,0.000000,0.000000,4.874482,
194,500,0.000000,0.000000,1.000000,0.000000,0.000000,48.105161,508.750000,0.000000,0.000000,3.971832,
195,500,0.000000,0.000000,1.000000,0.250000,0.125000,48.041807,573.375000,0.000000,0.999859,4.143194,
196,500,0.000000,0.000000,1.000000,0.500000,0.250000,48.673145,368.750000,0.000000,0.999892,4.061903,
197,500,0.000000,0.000000,1.000000,0.000000,0.000000,47.109425,791.625000,0.000000,0.000000,4.899963,
198,500,0.000000,0.000000,1.000000,0.000000,0.000000,49.284710,287.000000,0.000000,0.000000,3.555099,
199,500,0.000000,0.000000,1.000000,0.250000,0.125000,48.434022,291.500000,0.000000,0.999859,2.697350,
200,500,0.000000,0.000000,1.000000,0.250000,0.125000,48.510121,539.375000,0.000000,0.999859,4.262939,25.8
201,500,0.000000,0.000000,1.000000,0.000000,0.000000,47.850411,768.500000,0.000000,0.000000,3.913256,
202,500,0.000000,0.000000,1.000000,0.000000,0.000000,47.212689,1017.375000,0.000000,0.000000,5.236043,
203,500,0.000000,0.000000,1.000000,0.000000,0.000000,48.121611,641.000000,0.000000,0.000000,4.564008,
204,500,0.000000,0.000000,1.000000,0.750000,0.375000,48.264036,630.375000,0.000000,0.999903,4.180075,
205,500,0.000000,0.000000,1.000000,0.000000,0.000000,48.231303,474.750000,0.000000,0.000000,4.686554,
206,500,0.000000,0.000000,1.000000,0.000000,0.000000,48.763425,418.500000,0.000000,0.000000,4.767109,
207,500,0.000000,0.000000,1.000000,0.000000,0.000000,47.621812,680.250000,0.000000,0.000000,4.699591,
208,500,0.000000,0.000000,1.000000,0.500000,0.250000,48.822309,367.625000,0.000000,0.999892,4.653023,
209,500,0.000000,0.000000,1.000000,0.000000,0.000000,48.630301,398.750000,0.000000,0.000000,4.599303,
210,500,0.000000,0.000000,1.000000,0.000000,0.000000,49.118859,408.875000,0.000000,0.000000,3.945263,
211,500,0.000000,0.000000,1.000000,0.250000,0.125000,48.729981,393.000000,0.000000,0.999859,4.355287,
212,500,0.000000,0.000000,1.000000,1.000000,0.500000,49.178890,403.750000,0.000000,0.999906,4.643177,
213,500,0.000000,0.000000,1.000000,1.750000,0.875000,48.779249,252.000000,0.000000,0.999859,2.580602,
214,500,0.000000,0.000000,1.000000,0.500000,0.250000,49.201192,409.000000,0.000000,0.999892,5.047795,
215,500,0.000000,0.000000,1.000000,1.250000,0.625000,48.768353,250.250000,0.000000,0.999903,4.033206,
216,500,0.000000,0.000000,1.000000,0.000000,0.000000,48.697219,510.125000,0.000000,0.000000,4.696688,
217,500,0.000000,0.000000,1.000000,1.000000,0.500000,47.798854,568.625000,0.000000,0.999906,4.884057,
218,500,0.000000,0.000000,1.000000,1.500000,0.750000,48.983537,276.250000,0.000000,0.999892,3.562938,
219,500,0.000000,0.000000,1.000000,0.000000,0.000000,47.818476,475.750000,0.000000,0.000000,5.876049,
220,500,0.000000,0.000000,1.000000,0.000000,0.000000,49.127229,366.500000,0.000000,0.000000,5.154202,
221,500,0.000000,0.000000,1.000000,0.000000,0.000000,47.942130,548.875000,0.000000,0.000000,5.468264,
222,500,0.000000,0.000000,1.000000,1.750000,0.875000,48.739650,250.250000,0.000000,0.999859,2.766767,
223,500,0.000000,0.000000,1.000000,0.000000,0.000000,47.421401,441.000000,0.000000,0.000000,5.702830,
224,500,0.000000,0.000000,1.000000,0.000000,0.000000,48.738420,368.750000,0.000000,0.000000,5.739901,
225,500,0.000000,0.000000,1.000000,0.000000,0.000000,47.619698,514.625000,0.000000,0.000000,5.349564,
226,500,0.000000,0.000000,1.000000,0.000000,0.000000,48.546462,402.375000,0.000000,0.000000,5.964299,
227,500,0.000000,0.000000,1.000000,0.000000,0.000000,48.829374,391.125000,0.000000,0.000000,5.205472,
228,500,0.000000,0.000000,1.000000,0.500000,0.250000,48.813953,367.250000,0.000000,0.999892,4.358062,
229,500,0.000000,0.000000,1.000000,0.000000,0.000000,48.059141,395.125000,0.000000,0.000000,5.608964,
230,500,0.000000,0.000000,1.000000,0.000000,0.000000,48.130294,498.125000,0.000000,0.000000,6.151505,
231,500,0.000000,0.000000,1.000000,0.000000,0.000000,47.661126,692.625000,0.000000,0.000000,6.802968,
232,500,0.000000,0.000000,1.000000,0.250000,0.125000,48.824368,338.625000,0.000000,0.999859,5.950315,
233,500,0.000000,0.000000,1.000000,0.500000,0.250000,47.320771,615.250000,0.000000,0.999892,5.481143,
234,500,0.000000,0.000000,1.000000,0.000000,0.000000,48.274455,582.250000,0.000000,0.000000,6.449868,
235,500,0.000000,0.000000,1.000000,0.000000,0.000000,47.864491,599.125000,0.000000,0.000000,5.996832,
236,500,0.000000,0.000000,1.000000,0.000000,0.000000,47.319586,650.500000,0.000000,0.000000,6.627992,
237,500,0.000000,0.000000,1.000000,0.000000,0.000000,47.516939,579.250000,0.000000,0.000000,6.745667,
238,500,0.000000,0.000000,1.000000,0.000000,0.000000,48.398279,725.375000,0.000000,0.000000,5.829427,
239,500,0.000000,0.000000,1.000000,0.000000,0.000000,47.149312,672.750000,0.000000,0.000000,6.041086,
240,500,0.000000,0.000000,1.000000,0.000000,0.000000,48.394195,420.375000,0.000000,0.000000,5.900086,
241,500,0.000000,0.000000,1.000000,0.250000,0.125000,47.804089,523.125000,0.000000,0.999859,5.366631,
242,500,0.000000,0.000000,1.000000,0.250000,0.125000,48.148765,549.750000,0.000000,0.999859,6.434177,
243,500,0.000000,0.000000,1.000000,0.000000,0.000000,47.569980,743.625000,0.000000,0.000000,7.249474,
244,500,0.000000,0.000000,1.000000,0.000000,0.000000,47.274349,795.500000,0.000000,0.000000,6.909953,
245,500,0.000000,0.000000,1.000000,0.000000,0.000000,47.270479,718.000000,0.000000,0.000000,6.554043,
246,500,0.000000,0.000000,1.000000,0.000000,0.000000,46.827880,912.375000,0.000000,0.000000,7.048943,
247,500,0.000000,0.000000,1.000000,0.000000,0.000000,46.745632,960.000000,0.000000,0.000000,7.586267,
248,500,0.000000,0.000000,1.000000,0.000000,0.000000,47.211559,825.625000,0.000000,0.000000,7.231730,
249,500,0.000000,0.000000,1.000000,0.250000,0.125000,48.523066,358.250000,0.000000,0.999859,3.095908,
250,500,0.000000,0.000000,1.000000,0.000000,0.000000,47.680123,658.875000,0.000000,0.000000,6.648099,29.2
251,500,0.000000,0.000000,1.000000,0.000000,0.000000,47.620198,610.125000,0.000000,0.000000,5.834455,
252,500,0.000000,0.000000,1.000000,0.000000,0.000000,46.662445,878.125000,0.000000,0.000000,7.221104,
253,500,0.000000,0.000000,1.000000,1.750000,0.875000,47.799906,562.250000,0.000000,0.999859,5.130444,
254,500,0.000000,0.000000,1.000000,0.000000,0.000000,46.921685,846.875000,0.000000,0.000000,6.836358,
255,500,0.000000,0.000000,1.000000,1.250000,0.625000,47.872515,678.875000,0.000000,0.999903,6.356959,
256,500,0.000000,0.000000,1.000000,1.250000,0.625000,47.681350,649.875000,0.000000,0.999903,6.686167,
257,500,0.000000,0.000000,1.000000,0.250000,0.125000,47.524882,896.500000,0.000000,0.999859,7.295064,
258,500,0.000000,0.000000,1.000000,0.500000,0.250000,47.371952,820.625000,0.000000,0.999892,7.703232,
259,500,0.000000,0.000000,1.000000,0.250000,0.125000,43.124102,900.125000,0.000000,0.999859,8.264362,
260,500,0.000000,0.000000,1.000000,0.000000,0.000000,47.665351,787.625000,0.000000,0.000000,7.760826,
261,500,0.000000,0.000000,1.000000,0.500000,0.250000,47.999329,495.500000,0.000000,0.999892,6.878556,
262,500,0.000000,0.000000,1.000000,0.000000,0.000000,47.276786,858.750000,0.000000,0.000000,8.442324,
263,500,0.000000,0.000000,1.000000,0.000000,0.000000,47.467600,707.125000,0.000000,0.000000,8.242745,
264,500,0.000000,0.000000,1.000000,0.000000,0.000000,48.315178,619.125000,0.000000,0.000000,8.107685,
265,500,0.000000,0.000000,1.000000,0.000000,0.000000,47.530068,771.000000,0.000000,0.000000,8.277962,
266,500,0.000000,0.000000,1.000000,0.750000,0.375000,47.415073,570.875000,0.000000,0.999903,6.252902,
267,500,0.000000,0.000000,1.000000,0.000000,0.000000,47.697238,643.500000,0.000000,0.000000,7.920138,
268,500,0.000000,0.000000,1.000000,0.000000,0.000000,47.321855,883.250000,0.000000,0.000000,8.137161,
269,500,0.000000,0.000000,1.000000,0.000000,0.000000,47.680243,661.625000,0.000000,0.000000,8.064291,
270,500,0.000000,0.000000,1.000000,0.000000,0.000000,47.285927,804.125000,0.000000,0.000000,8.849464,
271,500,0.000000,0.000000,1.000000,0.000000,0.000000,48.078190,737.375000,0.000000,0.000000,7.948199,
272,500,0.000000,0.000000,1.000000,0.000000,0.000000,47.242498,1024.000000,0.000000,0.000000,8.635149,
273,500,0.000000,0.000000,1.000000,0.000000,0.000000,48.020130,641.750000,0.000000,0.000000,8.072963,
274,500,0.000000,0.000000,1.000000,0.000000,0.000000,47.676162,495.750000,0.000000,0.000000,7.244793,
275,500,0.000000,0.000000,1.000000,0.000000,0.000000,47.487053,807.750000,0.000000,0.000000,7.640694,
276,500,0.000000,0.000000,1.000000,0.000000,0.000000,47.359012,638.750000,0.000000,0.000000,7.786858,
277,500,0.000000,0.000000,1.000000,0.000000,0.000000,47.190525,768.375000,0.000000,0.000000,8.292173,
278,500,0.000000,0.000000,1.000000,0.500000,0.250000,47.595694,780.750000,0.000000,0.999892,8.412530,
279,500,0.000000,0.000000,1.000000,0.250000,0.125000,47.792132,735.375000,0.000000,0.999859,7.536299,
280,500,0.000000,0.000000,1.000000,0.000000,0.000000,46.938192,842.750000,0.000000,0.000000,8.845496,
281,500,0.000000,0.000000,1.000000,1.750000,0.875000,48.457776,455.250000,0.000000,0.999859,6.570840,
282,500,0.000000,0.000000,1.000000,0.000000,0.000000,47.944230,702.500000,0.000000,0.000000,8.621344,
283,500,0.000000,0.000000,1.000000,0.250000,0.125000,47.292210,734.375000,0.000000,0.999859,7.724747,
284,500,0.000000,0.000000,1.000000,0.000000,0.000000,47.602255,753.250000,0.000000,0.000000,7.938844,
285,500,0.000000,0.000000,1.000000,0.000000,0.000000,46.842779,907.375000,0.000000,0.000000,9.274465,
286,500,0.000000,0.000000,1.000000,0.500000,0.250000,47.863875,639.500000,0.000000,0.999892,7.028358,
287,500,0.000000,0.000000,1.000000,0.250000,0.125000,47.241011,791.125000,0.000000,0.999859,8.890286,
288,500,0.000000,0.000000,1.000000,0.250000,0.125000,47.418447,753.625000,0.000000,0.999859,8.164597,
289,500,0.000000,0.000000,1.000000,0.000000,0.000000,47.130681,787.375000,0.000000,0.000000,8.806187,
290,500,0.000000,0.000000,1.000000,0.500000,0.250000,47.912425,689.625000,0.000000,0.999892,6.346217,
291,500,0.000000,0.000000,1.000000,1.250000,0.625000,48.119574,464.500000,0.000000,0.999903,7.228505,
292,500,0.000000,0.000000,1.000000,0.000000,0.000000,47.123060,748.125000,0.000000,0.000000,7.880969,
293,500,0.000000,0.000000,1.000000,0.000000,0.000000,47.234712,884.250000,0.000000,0.000000,9.198761,
294,500,0.000000,0.000000,1.000000,0.000000,0.000000,47.193310,874.375000,0.000000,0.000000,9.341719,
295,500,0.000000,0.000000,1.000000,0.500000,0.250000,48.287661,524.375000,0.000000,0.999892,6.872704,
296,500,0.000000,0.000000,1.000000,1.500000,0.750000,48.600276,269.500000,0.000000,0.999892,2.980319,
297,500,0.000000,0.000000,1.000000,0.750000,0.375000,47.438838,625.750000,0.000000,0.999903,5.937635,
298,500,0.000000,0.000000,1.000000,1.750000,0.875000,47.895053,308.500000,0.000000,0.999859,3.813442,
299,500,0.000000,0.000000,1.000000,0.000000,0.000000,47.651072,816.375000,0.000000,0.000000,7.949196,
300,500,0.000000,0.000000,1.000000,0.000000,0.000000,47.302873,761.375000,0.000000,0.000000,8.924442,30.8
301,500,0.000000,0.000000,1.000000,0.250000,0.125000,47.467439,754.250000,0.000000,0.999859,7.531798,
302,500,0.000000,0.000000,1.000000,0.000000,0.000000,47.659084,667.625000,0.000000,0.000000,7.752698,
303,500,0.000000,0.000000,1.000000,1.000000,0.500000,47.631898,354.750000,0.000000,0.999906,5.356378,
304,500,0.000000,0.000000,1.000000,0.500000,0.250000,48.993980,400.250000,0.000000,0.999892,6.236238,
305,500,0.000000,0.000000,1.000000,0.500000,0.250000,48.778044,455.375000,0.000000,0.999892,5.842208,
306,500,0.000000,0.000000,1.000000,1.500000,0.750000,48.563567,271.375000,0.000000,0.999892,2.766840,
307,500,0.000000,0.000000,1.000000,0.000000,0.000000,47.634016,744.250000,0.000000,0.000000,8.181837,
308,500,0.000000,0.000000,1.000000,0.000000,0.000000,48.040865,475.125000,0.000000,0.000000,6.577072,
309,500,0.000000,0.000000,1.000000,0.250000,0.125000,47.181001,858.125000,0.000000,0.999859,9.419707,
310,500,0.000000,0.000000,1.000000,0.000000,0.000000,47.040583,924.750000,0.000000,0.000000,8.598102,
311,500,0.000000,0.000000,1.000000,0.750000,0.375000,48.851575,214.500000,0.000000,0.999903,0.738022,
312,500,0.000000,0.000000,1.000000,1.250000,0.625000,47.510962,493.625000,0.000000,0.999903,4.432658,
313,500,0.000000,0.000000,1.000000,0.000000,0.000000,47.354921,848.750000,0.000000,0.000000,9.620811,
314,500,0.000000,0.000000,1.000000,0.000000,0.000000,47.914012,398.750000,0.000000,0.000000,4.018688,
315,500,0.000000,0.000000,1.000000,1.250000,0.625000,48.796169,167.375000,0.000000,0.999903,0.493705,
316,500,0.000000,0.000000,1.000000,0.000000,0.000000,46.996547,979.500000,0.000000,0.000000,10.522165,
317,500,0.000000,0.000000,1.000000,0.500000,0.250000,47.299056,699.125000,0.000000,0.999892,5.854496,
318,500,0.000000,0.000000,1.000000,0.000000,0.000000,46.711141,855.750000,0.000000,0.000000,6.615396,
319,500,0.000000,0.000000,1.000000,0.000000,0.000000,47.256513,749.875000,0.000000,0.000000,7.902271,
320,500,0.000000,0.000000,1.000000,1.500000,0.750000,47.445530,251.375000,0.000000,0.999892,2.848495,
321,500,0.000000,0.000000,1.000000,0.000000,0.000000,46.424544,689.500000,0.000000,0.000000,6.750152,
322,500,0.000000,0.000000,1.000000,0.500000,0.250000,47.222166,815.000000,0.000000,0.999892,8.267647,
323,500,0.000000,0.000000,1.000000,0.000000,0.000000,46.633388,971.500000,0.000000,0.000000,8.924689,
324,500,0.000000,0.000000,1.000000,1.250000,0.625000,48.154056,126.000000,0.000000,0.999903,1.047868,
325,500,0.000000,0.000000,1.000000,0.000000,0.000000,47.225478,656.750000,0.000000,0.000000,7.475093,
326,500,0.000000,0.000000,1.000000,0.500000,0.250000,47.089127,814.500000,0.000000,0.999892,7.896134,
327,500,0.000000,0.000000,1.000000,1.000000,0.500000,47.473737,516.125000,0.000000,0.999906,3.999477,
328,500,0.000000,0.000000,1.000000,1.000000,0.500000,49.513535,252.000000,0.000000,0.999906,0.414395,
329,500,0.000000,0.000000,1.000000,0.000000,0.000000,47.299532,791.500000,0.000000,0.000000,6.653267,
330,500,0.000000,0.000000,1.000000,0.000000,0.000000,47.060616,836.875000,0.000000,0.000000,7.780566,
331,500,0.000000,0.000000,1.000000,0.000000,0.000000,46.831690,909.875000,0.000000,0.000000,9.806857,
332,500,0.000000,0.000000,1.000000,0.250000,0.125000,46.990901,939.250000,0.000000,0.999859,8.857564,
333,500,0.000000,0.000000,1.000000,2.000000,1.000000,48.153751,153.000000,0.000000,0.000000,0.383907,
334,500,0.000000,0.000000,1.000000,0.000000,0.000000,48.315653,391.250000,0.000000,0.000000,1.399426,
335,500,0.000000,0.000000,1.000000,0.000000,0.000000,48.259144,300.875000,0.000000,0.000000,0.479938,
336,500,0.000000,0.000000,1.000000,0.000000,0.000000,47.712240,299.375000,0.000000,0.000000,1.975051,
337,500,0.000000,0.000000,1.000000,2.000000,1.000000,48.537657,158.875000,0.000000,0.000000,0.404086,
338,500,0.000000,0.000000,1.000000,0.000000,0.000000,46.511623,962.875000,0.000000,0.000000,10.427073,
339,500,0.000000,0.000000,1.000000,0.750000,0.375000,47.932992,568.875000,0.000000,0.999903,4.387492,
340,500,0.000000,0.000000,1.000000,0.000000,0.000000,46.971184,565.625000,0.000000,0.000000,6.149153,
341,500,0.000000,0.000000,1.000000,1.750000,0.875000,48.126793,336.875000,0.000000,0.999859,1.721747,
342,500,0.000000,0.000000,1.000000,0.000000,0.000000,47.113656,938.000000,0.000000,0.000000,10.715747,
343,500,0.000000,0.000000,1.000000,1.750000,0.875000,47.537998,128.500000,0.000000,0.999859,0.669739,
344,500,0.000000,0.000000,1.000000,0.000000,0.000000,46.980553,808.000000,0.000000,0.000000,8.267363,
345,500,0.000000,0.000000,1.000000,0.250000,0.125000,47.236562,708.500000,0.000000,0.999859,6.793890,
346,500,0.000000,0.000000,1.000000,0.000000,0.000000,46.542964,900.375000,0.000000,0.000000,10.379475,
347,500,0.000000,0.000000,1.000000,1.250000,0.625000,46.587766,234.250000,0.000000,0.999903,2.095387,
348,500,0.000000,0.000000,1.000000,2.000000,1.000000,47.585536,98.000000,0.000000,0.000000,0.454156,
349,500,0.000000,0.000000,1.000000,0.000000,0.000000,47.068700,926.125000,0.000000,0.000000,10.114610,
350,500,0.000000,0.000000,1.000000,0.000000,0.000000,46.983227,779.000000,0.000000,0.000000,9.576291,31.4
351,500,0.000000,0.000000,1.000000,0.250000,0.125000,47.099489,806.125000,0.000000,0.999859,8.506414,
352,500,0.000000,0.000000,1.000000,0.500000,0.250000,47.261102,639.875000,0.000000,0.999892,5.466303,
353,500,0.000000,0.000000,1.000000,0.000000,0.000000,47.066974,955.875000,0.000000,0.000000,10.408189,
354,500,0.000000,0.000000,1.000000,1.000000,0.500000,47.291751,480.125000,0.000000,0.999906,4.725099,
355,500,0.000000,0.000000,1.000000,0.000000,0.000000,47.048480,456.125000,0.000000,0.000000,4.933169,
356,500,0.000000,0.000000,1.000000,0.000000,0.000000,41.698211,1001.750000,0.000000,0.000000,10.648001,
357,500,0.000000,0.000000,1.000000,0.000000,0.000000,46.891053,1024.000000,0.000000,0.000000,10.661879,
358,500,0.000000,0.000000,1.000000,1.750000,0.875000,48.212431,189.375000,0.000000,0.999859,0.499466,
359,500,0.000000,0.000000,1.000000,1.000000,0.500000,47.710395,140.750000,0.000000,0.999906,0.590482,
360,500,0.000000,0.000000,1.000000,0.000000,0.000000,44.447293,821.750000,0.000000,0.000000,8.287348,
361,500,0.000000,0.000000,1.000000,2.000000,1.000000,47.300351,137.000000,0.000000,0.000000,0.353397,
362,500,0.000000,0.000000,1.000000,1.250000,0.625000,47.195221,101.375000,0.000000,0.999903,0.543453,
363,500,0.000000,0.000000,1.000000,1.500000,0.750000,48.525184,129.250000,0.000000,0.999892,0.327283,
364,500,0.000000,0.000000,1.000000,0.750000,0.375000,46.913019,696.625000,0.000000,0.999903,7.166296,
365,500,0.000000,0.000000,1.000000,0.250000,0.125000,48.058751,320.500000,0.000000,0.999859,2.866827,
366,500,0.000000,0.000000,1.000000,0.000000,0.000000,46.563522,1024.000000,0.000000,0.000000,10.490652,
367,500,0.000000,0.000000,1.000000,1.500000,0.750000,47.638338,330.375000,0.000000,0.999892,1.679090,
368,500,0.000000,0.000000,1.000000,0.000000,0.000000,46.368570,914.875000,0.000000,0.000000,10.005589,
369,500,0.000000,0.000000,1.000000,0.250000,0.125000,46.441622,803.125000,0.000000,0.999859,7.949069,
370,500,0.000000,0.000000,1.000000,0.000000,0.000000,46.954371,918.250000,0.000000,0.000000,8.857222,
371,500,0.000000,0.000000,1.000000,0.750000,0.375000,46.996180,529.500000,0.000000,0.999903,5.765938,
372,500,0.000000,0.000000,1.000000,1.750000,0.875000,47.031895,87.750000,0.000000,0.999859,0.278587,
373,500,0.000000,0.000000,1.000000,2.000000,1.000000,47.901510,123.250000,0.000000,0.000000,0.205048,
374,500,0.000000,0.000000,1.000000,1.750000,0.875000,48.318169,270.875000,0.000000,0.999859,1.947782,
375,500,0.000000,0.000000,1.000000,2.000000,1.000000,46.777977,77.125000,0.000000,0.000000,0.385094,
376,500,0.000000,0.000000,1.000000,0.000000,0.000000,48.289820,278.125000,0.000000,0.000000,1.874054,
377,500,0.000000,0.000000,1.000000,1.750000,0.875000,46.637924,197.125000,0.000000,0.999859,1.709332,
378,500,0.000000,0.000000,1.000000,1.500000,0.750000,47.165837,259.000000,0.000000,0.999892,1.690046,
379,500,0.000000,0.000000,1.000000,0.250000,0.125000,45.443027,74.375000,0.000000,0.999859,0.335333,
380,500,0.000000,0.000000,1.000000,2.000000,1.000000,46.958010,91.000000,0.000000,0.000000,0.408485,
381,500,0.000000,0.000000,1.000000,0.750000,0.375000,46.881341,661.750000,0.000000,0.999903,7.079196,
382,500,0.000000,0.000000,1.000000,0.000000,0.000000,47.013956,810.375000,0.000000,0.000000,9.405366,
383,500,0.000000,0.000000,1.000000,0.250000,0.125000,46.709526,216.625000,0.000000,0.999859,1.985070,
384,500,0.000000,0.000000,1.000000,2.000000,1.000000,47.465273,95.750000,0.000000,0.000000,0.217240,
385,500,0.000000,0.000000,1.000000,0.000000,0.000000,46.780078,956.750000,0.000000,0.000000,11.375700,
386,500,0.000000,0.000000,1.000000,0.500000,0.250000,46.491223,815.875000,0.000000,0.999892,7.980947,
387,500,0.000000,0.000000,1.000000,0.250000,0.125000,46.723214,545.500000,0.000000,0.999859,4.124872,
388,500,0.000000,0.000000,1.000000,1.750000,0.875000,46.771760,69.250000,0.000000,0.999859,0.592584,
389,500,0.000000,0.000000,1.000000,1.000000,0.500000,46.654120,376.625000,0.000000,0.999906,4.410370,
390,500,0.000000,0.000000,1.000000,1.000000,0.500000,48.897964,189.250000,0.000000,0.999906,0.231887,
391,500,0.000000,0.000000,1.000000,2.000000,1.000000,47.165688,100.500000,0.000000,0.000000,0.527183,
392,500,0.000000,0.000000,1.000000,0.000000,0.000000,47.942590,90.625000,0.000000,0.000000,0.559376,
393,500,0.000000,0.000000,1.000000,0.250000,0.125000,46.807035,739.125000,0.000000,0.999859,5.959515,
394,500,0.000000,0.000000,1.000000,0.500000,0.250000,46.876006,680.250000,0.000000,0.999892,7.450906,
395,500,0.000000,0.000000,1.000000,0.750000,0.375000,47.429366,458.125000,0.000000,0.999903,3.029839,
396,500,0.000000,0.000000,1.000000,0.250000,0.125000,46.900808,829.625000,0.000000,0.999859,7.462584,
397,500,0.000000,0.000000,1.000000,0.500000,0.250000,47.510870,231.375000,0.000000,0.999892,1.982372,
398,500,0.000000,0.000000,1.000000,0.750000,0.375000,47.431394,583.625000,0.000000,0.999903,4.772721,
399,500,0.000000,0.000000,1.000000,0.000000,0.000000,48.228340,314.750000,0.000000,0.000000,1.670172,
400,500,0.000000,0.000000,1.000000,0.250000,0.125000,47.233433,591.375000,0.000000,0.999859,6.286435,34.0
401,500,0.000000,0.000000,1.000000,0.000000,0.000000,43.773267,923.500000,0.000000,0.000000,10.684885,
402,500,0.000000,0.000000,1.000000,0.000000,0.000000,46.875655,713.500000,0.000000,0.000000,6.807029,
403,500,0.000000,0.000000,1.000000,0.000000,0.000000,46.593002,813.375000,0.000000,0.000000,8.525407,
404,500,0.000000,0.000000,1.000000,0.000000,0.000000,46.888584,809.875000,0.000000,0.000000,8.112551,
405,500,0.000000,0.000000,1.000000,0.000000,0.000000,46.546099,907.375000,0.000000,0.000000,10.043193,
406,500,0.000000,0.000000,1.000000,0.000000,0.000000,47.156345,739.125000,0.000000,0.000000,6.903889,
407,500,0.000000,0.000000,1.000000,0.250000,0.125000,46.697263,625.500000,0.000000,0.999859,5.361915,
408,500,0.000000,0.000000,1.000000,0.250000,0.125000,46.825721,936.250000,0.000000,0.999859,9.800579,
409,500,0.000000,0.000000,1.000000,0.500000,0.250000,47.057873,720.500000,0.000000,0.999892,6.859978,
410,500,0.000000,0.000000,1.000000,0.000000,0.000000,46.721822,1024.000000,0.000000,0.000000,9.018915,
411,500,0.000000,0.000000,1.000000,0.000000,0.000000,47.044908,608.875000,0.000000,0.000000,3.212683,
412,500,0.000000,0.000000,1.000000,1.250000,0.625000,47.971812,329.875000,0.000000,0.999903,1.448579,
413,500,0.000000,0.000000,1.000000,1.000000,0.500000,46.814901,338.000000,0.000000,0.999906,3.319461,
414,500,0.000000,0.000000,1.000000,0.000000,0.000000,40.851107,569.625000,0.000000,0.000000,2.978926,
415,500,0.000000,0.000000,1.000000,1.750000,0.875000,47.364004,332.875000,0.000000,0.999859,1.305829,
416,500,0.000000,0.000000,1.000000,0.000000,0.000000,46.629357,1024.000000,0.000000,0.000000,9.951544,
417,500,0.000000,0.000000,1.000000,0.250000,0.125000,46.798841,711.875000,0.000000,0.999859,6.336300,
418,500,0.000000,0.000000,1.000000,1.500000,0.750000,47.758673,276.375000,0.000000,0.999892,1.815864,
419,500,0.000000,0.000000,1.000000,1.250000,0.625000,47.170829,396.500000,0.000000,0.999903,3.181726,
420,500,0.000000,0.000000,1.000000,0.000000,0.000000,44.031389,1024.000000,0.000000,0.000000,10.513192,
421,500,0.000000,0.000000,1.000000,1.500000,0.750000,47.441147,305.125000,0.000000,0.999892,1.722417,
422,500,0.000000,0.000000,1.000000,0.000000,0.000000,46.613314,714.875000,0.000000,0.000000,7.314151,
423,500,0.000000,0.000000,1.000000,0.000000,0.000000,46.568392,1024.000000,0.000000,0.000000,11.029540,
424,500,0.000000,0.000000,1.000000,2.000000,1.000000,46.858375,92.875000,0.000000,0.000000,0.296279,
425,500,0.000000,0.000000,1.000000,2.000000,1.000000,48.828461,175.750000,0.000000,0.000000,0.182516,
426,500,0.000000,0.000000,1.000000,1.500000,0.750000,46.574968,356.250000,0.000000,0.999892,2.742961,
427,500,0.000000,0.000000,1.000000,2.000000,1.000000,47.784489,144.500000,0.000000,0.000000,0.384118,
428,500,0.000000,0.000000,1.000000,0.000000,0.000000,46.558132,913.000000,0.000000,0.000000,9.339628,
429,500,0.000000,0.000000,1.000000,0.000000,0.000000,46.509208,953.250000,0.000000,0.000000,11.017328,
430,500,0.000000,0.000000,1.000000,1.000000,0.500000,47.509238,421.125000,0.000000,0.999906,2.937728,
431,500,0.000000,0.000000,1.000000,0.500000,0.250000,47.099158,618.250000,0.000000,0.999892,5.468903,
432,500,0.000000,0.000000,1.000000,0.000000,0.000000,46.911827,1024.000000,0.000000,0.000000,11.062334,
433,500,0.000000,0.000000,1.000000,1.500000,0.750000,48.538978,286.875000,0.000000,0.999892,0.248235,
434,500,0.000000,0.000000,1.000000,0.500000,0.250000,46.790135,740.625000,0.000000,0.999892,6.551817,
435,500,0.000000,0.000000,1.000000,0.250000,0.125000,41.681980,726.125000,0.000000,0.999859,7.004025,
436,500,0.000000,0.000000,1.000000,1.750000,0.875000,46.842642,212.250000,0.000000,0.999859,1.887992,
437,500,0.000000,0.000000,1.000000,0.250000,0.125000,47.595397,555.500000,0.000000,0.999859,3.585997,
438,500,0.000000,0.000000,1.000000,0.000000,0.000000,48.992336,189.875000,0.000000,0.000000,0.221966,
439,500,0.000000,0.000000,1.000000,0.000000,0.000000,47.385049,206.125000,0.000000,0.000000,0.458978,
440,500,0.000000,0.000000,1.000000,1.250000,0.625000,47.813625,504.125000,0.000000,0.999903,2.789158,
441,500,0.000000,0.000000,1.000000,2.000000,1.000000,47.460809,139.500000,0.000000,0.000000,0.309157,
442,500,0.000000,0.000000,1.000000,1.250000,0.625000,47.449592,460.125000,0.000000,0.999903,4.373656,
443,500,0.000000,0.000000,1.000000,0.000000,0.000000,47.347514,641.750000,0.000000,0.000000,5.434827,
444,500,0.000000,0.000000,1.000000,0.250000,0.125000,46.838777,837.125000,0.000000,0.999859,7.674167,
445,500,0.000000,0.000000,1.000000,0.000000,0.000000,47.203223,755.000000,0.000000,0.000000,6.968174,
446,500,0.000000,0.000000,1.000000,1.750000,0.875000,47.817686,285.500000,0.000000,0.999859,1.486104,
447,500,0.000000,0.000000,1.000000,0.500000,0.250000,47.226952,599.500000,0.000000,0.999892,5.523922,
448,500,0.000000,0.000000,1.000000,0.000000,0.000000,46.878975,871.000000,0.000000,0.000000,7.362962,
449,500,0.000000,0.000000,1.000000,2.000000,1.000000,48.345852,145.500000,0.000000,0.000000,0.158668,
450,500,0.000000,0.000000,1.000000,1.500000,0.750000,47.131906,121.375000,0.000000,0.999892,0.284104,35.2
451,500,0.000000,0.000000,1.000000,0.000000,0.000000,46.813572,922.625000,0.000000,0.000000,9.443291,
452,500,0.000000,0.000000,1.000000,0.000000,0.000000,48.431978,211.250000,0.000000,0.000000,0.220566,
453,500,0.000000,0.000000,1.000000,0.500000,0.250000,46.941924,828.125000,0.000000,0.999892,7.701908,
454,500,0.000000,0.000000,1.000000,0.000000,0.000000,46.655483,1024.000000,0.000000,0.000000,10.627699,
455,500,0.000000,0.000000,1.000000,0.250000,0.125000,47.014761,752.125000,0.000000,0.999859,5.148275,
456,500,0.000000,0.000000,1.000000,0.000000,0.000000,46.411974,843.875000,0.000000,0.000000,10.753220,
457,500,0.000000,0.000000,1.000000,0.000000,0.000000,46.005522,923.500000,0.000000,0.000000,8.892013,
458,500,0.000000,0.000000,1.000000,0.000000,0.000000,47.730178,561.875000,0.000000,0.000000,3.260891,
459,500,0.000000,0.000000,1.000000,0.000000,0.000000,47.439481,839.750000,0.000000,0.000000,5.158619,
460,500,0.000000,0.000000,1.000000,0.000000,0.000000,47.944213,317.125000,0.000000,0.000000,1.632795,
461,500,0.000000,0.000000,1.000000,1.750000,0.875000,46.765530,199.125000,0.000000,0.999859,1.640333,
462,500,0.000000,0.000000,1.000000,1.500000,0.750000,47.635517,363.250000,0.000000,0.999892,1.407348,
463,500,0.000000,0.000000,1.000000,0.500000,0.250000,47.500574,289.500000,0.000000,0.999892,1.704410,
464,500,0.000000,0.000000,1.000000,0.000000,0.000000,46.971019,599.625000,0.000000,0.000000,5.709726,
465,500,0.000000,0.000000,1.000000,0.500000,0.250000,46.789498,846.125000,0.000000,0.999892,6.921665,
466,500,0.000000,0.000000,1.000000,0.000000,0.000000,48.889820,389.500000,0.000000,0.000000,0.301158,
467,500,0.000000,0.000000,1.000000,1.000000,0.500000,47.081811,557.375000,0.000000,0.999906,5.872710,
468,500,0.000000,0.000000,1.000000,0.500000,0.250000,47.193013,655.500000,0.000000,0.999892,6.988924,
469,500,0.000000,0.000000,1.000000,2.000000,1.000000,48.185965,219.000000,0.000000,0.000000,0.201756,
470,500,0.000000,0.000000,1.000000,1.500000,0.750000,49.213334,420.875000,0.000000,0.999892,0.096536,
471,500,0.000000,0.000000,1.000000,1.500000,0.750000,48.478028,215.000000,0.000000,0.999892,0.208550,
472,500,0.000000,0.000000,1.000000,0.250000,0.125000,47.516731,290.000000,0.000000,0.999859,1.740729,
473,500,0.000000,0.000000,1.000000,1.750000,0.875000,48.703543,244.500000,0.000000,0.999859,0.129709,
474,500,0.000000,0.000000,1.000000,0.500000,0.250000,48.589167,357.625000,0.000000,0.999892,0.274770,
475,500,0.000000,0.000000,1.000000,2.000000,1.000000,48.690216,207.000000,0.000000,0.000000,0.233719,
476,500,0.000000,0.000000,1.000000,1.500000,0.750000,47.859850,310.250000,0.000000,0.999892,1.570375,
477,500,0.000000,0.000000,1.000000,1.500000,0.750000,48.626809,398.750000,0.000000,0.999892,1.363998,
478,500,0.000000,0.000000,1.000000,2.000000,1.000000,48.524541,255.500000,0.000000,0.000000,0.157407,
479,500,0.000000,0.000000,1.000000,0.000000,0.000000,47.215447,286.750000,0.000000,0.000000,1.530362,
480,500,0.000000,0.000000,1.000000,1.750000,0.875000,47.470482,290.375000,0.000000,0.999859,1.603455,
481,500,0.000000,0.000000,1.000000,1.250000,0.625000,47.664130,399.750000,0.000000,0.999903,2.885823,
482,500,0.000000,0.000000,1.000000,1.750000,0.875000,47.787214,168.875000,0.000000,0.999859,0.394191,
483,500,0.000000,0.000000,1.000000,1.750000,0.875000,47.697355,256.875000,0.000000,0.999859,1.786895,
484,500,0.000000,0.000000,1.000000,2.000000,1.000000,47.974882,167.125000,0.000000,0.000000,0.275189,
485,500,0.000000,0.000000,1.000000,0.000000,0.000000,41.409527,1024.000000,0.000000,0.000000,10.978632,
486,500,0.000000,0.000000,1.000000,2.000000,1.000000,48.173560,121.000000,0.000000,0.000000,0.118868,
487,500,0.000000,0.000000,1.000000,0.500000,0.250000,47.316316,769.750000,0.000000,0.999892,8.404953,
488,500,0.000000,0.000000,1.000000,0.000000,0.000000,46.288498,905.500000,0.000000,0.000000,10.300081,
489,500,0.000000,0.000000,1.000000,2.000000,1.000000,47.759066,136.750000,0.000000,0.000000,0.216122,
490,500,0.000000,0.000000,1.000000,1.500000,0.750000,48.494341,295.125000,0.000000,0.999892,0.141299,
491,500,0.000000,0.000000,1.000000,2.000000,1.000000,47.217333,104.500000,0.000000,0.000000,0.185432,
492,500,0.000000,0.000000,1.000000,2.000000,1.000000,48.409315,189.250000,0.000000,0.000000,0.230775,
493,500,0.000000,0.000000,1.000000,2.000000,1.000000,48.999485,209.750000,0.000000,0.000000,0.232091,
494,500,0.000000,0.000000,1.000000,0.000000,0.000000,47.151112,1024.000000,0.000000,0.000000,10.876501,
495,500,0.000000,0.000000,1.000000,0.500000,0.250000,48.059543,416.875000,0.000000,0.999892,1.346466,
496,500,0.000000,0.000000,1.000000,2.000000,1.000000,48.062095,180.500000,0.000000,0.000000,0.153082,
497,500,0.000000,0.000000,1.000000,2.000000,1.000000,49.064817,270.125000,0.000000,0.000000,0.108376,
498,500,0.000000,0.000000,1.000000,0.000000,0.000000,47.017238,259.000000,0.000000,0.000000,1.624612,
499,500,0.000000,0.000000,1.000000,1.500000,0.750000,47.983096,266.000000,0.000000,0.999892,1.479007,
500,500,0.000000,0.000000,1.000000,1.250000,0.625000,48.461874,136.500000,0.000000,0.999903,0.442897,39.0